
> website@0.1.0 start
> react-scripts start

Starting the development server...

Compiled with warnings.

[eslint] 
src\Login.js
  Line 285:7:  React Hook useEffect has a missing dependency: 'tryAutoParentReLogin'. Either include it or remove the dependency array                       react-hooks/exhaustive-deps
  Line 324:7:  React Hook useEffect has missing dependencies: 'preloadTeacherData' and 'tryAutoReLogin'. Either include them or remove the dependency array  react-hooks/exhaustive-deps

src\components\AttendanceManager.js
  Line 2:20:    'insertLog' is defined but never used      no-unused-vars
  Line 769:38:  'year' is assigned a value but never used  no-unused-vars

src\components\ClassManager.js
  Line 1:38:     'useRef' is defined but never used                                                                                                                                                                                                                            no-unused-vars
  Line 6:92:     'Clock' is defined but never used                                                                                                                                                                                                                             no-unused-vars
  Line 106:7:    'calculateThoiluong' is assigned a value but never used                                                                                                                                                                                                       no-unused-vars
  Line 256:9:    'batchStudentCount' is assigned a value but never used                                                                                                                                                                                                        no-unused-vars
  Line 257:9:    'batchNgayBatDau' is assigned a value but never used                                                                                                                                                                                                          no-unused-vars
  Line 258:9:    'batchNgayKetThuc' is assigned a value but never used                                                                                                                                                                                                         no-unused-vars
  Line 259:9:    'batchLoaiDong' is assigned a value but never used                                                                                                                                                                                                            no-unused-vars
  Line 260:9:    'batchSoLuong' is assigned a value but never used                                                                                                                                                                                                             no-unused-vars
  Line 305:6:    React Hook useEffect has a missing dependency: 'fetchClasses'. Either include it or remove the dependency array                                                                                                                                               react-hooks/exhaustive-deps
  Line 579:13:   'tl' is assigned a value but never used                                                                                                                                                                                                                       no-unused-vars
  Line 590:15:   'currentLastHdStart' is assigned a value but never used                                                                                                                                                                                                       no-unused-vars
  Line 591:15:   'currentLastHdEnd' is assigned a value but never used                                                                                                                                                                                                         no-unused-vars
  Line 592:15:   'currentLastHdDuration' is assigned a value but never used                                                                                                                                                                                                    no-unused-vars
  Line 807:6:    React Hook useEffect has missing dependencies: 'batchNoticeData.ngayBatDau', 'batchStudentsData', 'handleBatchMonthChange', and 'isBatchNoticeOpen'. Either include them or remove the dependency array                                                       react-hooks/exhaustive-deps
  Line 1188:6:   React Hook useEffect has missing dependencies: 'config.r2_access_key_id', 'config.r2_bucket_name', 'config?.r2_enabled', 'config.r2_endpoint', 'config.r2_public_url', and 'config.r2_secret_access_key'. Either include them or remove the dependency array  react-hooks/exhaustive-deps
  Line 1345:13:  'latestHd' is assigned a value but never used                                                                                                                                                                                                                 no-unused-vars

src\components\ConfigManager.js
  Line 18:3:    'ExternalLink' is defined but never used                no-unused-vars
  Line 19:3:    'FileJson' is defined but never used                    no-unused-vars
  Line 20:3:    'RefreshCw' is defined but never used                   no-unused-vars
  Line 21:3:    'Key' is defined but never used                         no-unused-vars
  Line 23:3:    'LayoutDashboard' is defined but never used             no-unused-vars
  Line 24:3:    'MessageSquare' is defined but never used               no-unused-vars
  Line 25:3:    'BarChart3' is defined but never used                   no-unused-vars
  Line 26:3:    'Briefcase' is defined but never used                   no-unused-vars
  Line 27:3:    'Users' is defined but never used                       no-unused-vars
  Line 57:10:   'syncingSecrets' is assigned a value but never used     no-unused-vars
  Line 57:26:   'setSyncingSecrets' is assigned a value but never used  no-unused-vars
  Line 213:11:  'val' is assigned a value but never used                no-unused-vars

src\components\FinanceManager.js
  Line 6:32:    'Users' is defined but never used                      no-unused-vars
  Line 20:7:    'fCur' is assigned a value but never used              no-unused-vars
  Line 288:10:  'handlePrintLuong' is assigned a value but never used  no-unused-vars
  Line 754:13:  'sumBy' is assigned a value but never used             no-unused-vars

src\components\SalesPOS.js
  Line 35:20:   'setMessage' is assigned a value but never used  no-unused-vars
  Line 220:16:  'printObj' is assigned a value but never used    no-unused-vars

Search for the keywords to learn more about each warning.
To ignore, add // eslint-disable-next-line to the line before.

[1m[33mWARNING[39m[22m in [1m[eslint] 
src\Login.js
  Line 285:7:  React Hook useEffect has a missing dependency: 'tryAutoParentReLogin'. Either include it or remove the dependency array                       react-hooks/exhaustive-deps
  Line 324:7:  React Hook useEffect has missing dependencies: 'preloadTeacherData' and 'tryAutoReLogin'. Either include them or remove the dependency array  react-hooks/exhaustive-deps

src\components\AttendanceManager.js
  Line 2:20:    'insertLog' is defined but never used      no-unused-vars
  Line 769:38:  'year' is assigned a value but never used  no-unused-vars

src\components\ClassManager.js
  Line 1:38:     'useRef' is defined but never used                                                                                                                                                                                                                            no-unused-vars
  Line 6:92:     'Clock' is defined but never used                                                                                                                                                                                                                             no-unused-vars
  Line 106:7:    'calculateThoiluong' is assigned a value but never used                                                                                                                                                                                                       no-unused-vars
  Line 256:9:    'batchStudentCount' is assigned a value but never used                                                                                                                                                                                                        no-unused-vars
  Line 257:9:    'batchNgayBatDau' is assigned a value but never used                                                                                                                                                                                                          no-unused-vars
  Line 258:9:    'batchNgayKetThuc' is assigned a value but never used                                                                                                                                                                                                         no-unused-vars
  Line 259:9:    'batchLoaiDong' is assigned a value but never used                                                                                                                                                                                                            no-unused-vars
  Line 260:9:    'batchSoLuong' is assigned a value but never used                                                                                                                                                                                                             no-unused-vars
  Line 305:6:    React Hook useEffect has a missing dependency: 'fetchClasses'. Either include it or remove the dependency array                                                                                                                                               react-hooks/exhaustive-deps
  Line 579:13:   'tl' is assigned a value but never used                                                                                                                                                                                                                       no-unused-vars
  Line 590:15:   'currentLastHdStart' is assigned a value but never used                                                                                                                                                                                                       no-unused-vars
  Line 591:15:   'currentLastHdEnd' is assigned a value but never used                                                                                                                                                                                                         no-unused-vars
  Line 592:15:   'currentLastHdDuration' is assigned a value but never used                                                                                                                                                                                                    no-unused-vars
  Line 807:6:    React Hook useEffect has missing dependencies: 'batchNoticeData.ngayBatDau', 'batchStudentsData', 'handleBatchMonthChange', and 'isBatchNoticeOpen'. Either include them or remove the dependency array                                                       react-hooks/exhaustive-deps
  Line 1188:6:   React Hook useEffect has missing dependencies: 'config.r2_access_key_id', 'config.r2_bucket_name', 'config?.r2_enabled', 'config.r2_endpoint', 'config.r2_public_url', and 'config.r2_secret_access_key'. Either include them or remove the dependency array  react-hooks/exhaustive-deps
  Line 1345:13:  'latestHd' is assigned a value but never used                                                                                                                                                                                                                 no-unused-vars

src\components\ConfigManager.js
  Line 18:3:    'ExternalLink' is defined but never used                no-unused-vars
  Line 19:3:    'FileJson' is defined but never used                    no-unused-vars
  Line 20:3:    'RefreshCw' is defined but never used                   no-unused-vars
  Line 21:3:    'Key' is defined but never used                         no-unused-vars
  Line 23:3:    'LayoutDashboard' is defined but never used             no-unused-vars
  Line 24:3:    'MessageSquare' is defined but never used               no-unused-vars
  Line 25:3:    'BarChart3' is defined but never used                   no-unused-vars
  Line 26:3:    'Briefcase' is defined but never used                   no-unused-vars
  Line 27:3:    'Users' is defined but never used                       no-unused-vars
  Line 57:10:   'syncingSecrets' is assigned a value but never used     no-unused-vars
  Line 57:26:   'setSyncingSecrets' is assigned a value but never used  no-unused-vars
  Line 213:11:  'val' is assigned a value but never used                no-unused-vars

src\components\FinanceManager.js
  Line 6:32:    'Users' is defined but never used                      no-unused-vars
  Line 20:7:    'fCur' is assigned a value but never used              no-unused-vars
  Line 288:10:  'handlePrintLuong' is assigned a value but never used  no-unused-vars
  Line 754:13:  'sumBy' is assigned a value but never used             no-unused-vars

src\components\SalesPOS.js
  Line 35:20:   'setMessage' is assigned a value but never used  no-unused-vars
  Line 220:16:  'printObj' is assigned a value but never used    no-unused-vars

[39m[22m

webpack compiled with [1m[33m1 warning[39m[22m
Compiling...
Compiled with warnings.

[eslint] 
src\Login.js
  Line 285:7:  React Hook useEffect has a missing dependency: 'tryAutoParentReLogin'. Either include it or remove the dependency array                       react-hooks/exhaustive-deps
  Line 324:7:  React Hook useEffect has missing dependencies: 'preloadTeacherData' and 'tryAutoReLogin'. Either include them or remove the dependency array  react-hooks/exhaustive-deps

src\components\AttendanceManager.js
  Line 2:20:    'insertLog' is defined but never used       no-unused-vars
  Line 45:9:    'today' is assigned a value but never used  no-unused-vars
  Line 755:38:  'year' is assigned a value but never used   no-unused-vars

src\components\ClassManager.js
  Line 74:7:     'formatMonthYear' is assigned a value but never used                                                       no-unused-vars
  Line 1265:6:   React Hook useEffect has a missing dependency: 'config'. Either include it or remove the dependency array  react-hooks/exhaustive-deps
  Line 1435:13:  'latestHd' is assigned a value but never used                                                              no-unused-vars

src\components\ConfigManager.js
  Line 18:3:    'ExternalLink' is defined but never used                no-unused-vars
  Line 19:3:    'FileJson' is defined but never used                    no-unused-vars
  Line 20:3:    'RefreshCw' is defined but never used                   no-unused-vars
  Line 21:3:    'Key' is defined but never used                         no-unused-vars
  Line 23:3:    'LayoutDashboard' is defined but never used             no-unused-vars
  Line 24:3:    'MessageSquare' is defined but never used               no-unused-vars
  Line 25:3:    'BarChart3' is defined but never used                   no-unused-vars
  Line 26:3:    'Briefcase' is defined but never used                   no-unused-vars
  Line 27:3:    'Users' is defined but never used                       no-unused-vars
  Line 57:10:   'syncingSecrets' is assigned a value but never used     no-unused-vars
  Line 57:26:   'setSyncingSecrets' is assigned a value but never used  no-unused-vars
  Line 213:11:  'val' is assigned a value but never used                no-unused-vars

src\components\FinanceManager.js
  Line 6:32:     'Users' is defined but never used                      no-unused-vars
  Line 20:7:     'fCur' is assigned a value but never used              no-unused-vars
  Line 288:10:   'handlePrintLuong' is assigned a value but never used  no-unused-vars
  Line 754:13:   'sumBy' is assigned a value but never used             no-unused-vars
  Line 2496:49:  'offset' is assigned a value but never used            no-unused-vars

src\components\SalesPOS.js
  Line 34:20:   'setMessage' is assigned a value but never used  no-unused-vars
  Line 218:16:  'printObj' is assigned a value but never used    no-unused-vars

Search for the keywords to learn more about each warning.
To ignore, add // eslint-disable-next-line to the line before.

[1m[33mWARNING[39m[22m in [1m[eslint] 
src\Login.js
  Line 285:7:  React Hook useEffect has a missing dependency: 'tryAutoParentReLogin'. Either include it or remove the dependency array                       react-hooks/exhaustive-deps
  Line 324:7:  React Hook useEffect has missing dependencies: 'preloadTeacherData' and 'tryAutoReLogin'. Either include them or remove the dependency array  react-hooks/exhaustive-deps

src\components\AttendanceManager.js
  Line 2:20:    'insertLog' is defined but never used       no-unused-vars
  Line 45:9:    'today' is assigned a value but never used  no-unused-vars
  Line 755:38:  'year' is assigned a value but never used   no-unused-vars

src\components\ClassManager.js
  Line 74:7:     'formatMonthYear' is assigned a value but never used                                                       no-unused-vars
  Line 1265:6:   React Hook useEffect has a missing dependency: 'config'. Either include it or remove the dependency array  react-hooks/exhaustive-deps
  Line 1435:13:  'latestHd' is assigned a value but never used                                                              no-unused-vars

src\components\ConfigManager.js
  Line 18:3:    'ExternalLink' is defined but never used                no-unused-vars
  Line 19:3:    'FileJson' is defined but never used                    no-unused-vars
  Line 20:3:    'RefreshCw' is defined but never used                   no-unused-vars
  Line 21:3:    'Key' is defined but never used                         no-unused-vars
  Line 23:3:    'LayoutDashboard' is defined but never used             no-unused-vars
  Line 24:3:    'MessageSquare' is defined but never used               no-unused-vars
  Line 25:3:    'BarChart3' is defined but never used                   no-unused-vars
  Line 26:3:    'Briefcase' is defined but never used                   no-unused-vars
  Line 27:3:    'Users' is defined but never used                       no-unused-vars
  Line 57:10:   'syncingSecrets' is assigned a value but never used     no-unused-vars
  Line 57:26:   'setSyncingSecrets' is assigned a value but never used  no-unused-vars
  Line 213:11:  'val' is assigned a value but never used                no-unused-vars

src\components\FinanceManager.js
  Line 6:32:     'Users' is defined but never used                      no-unused-vars
  Line 20:7:     'fCur' is assigned a value but never used              no-unused-vars
  Line 288:10:   'handlePrintLuong' is assigned a value but never used  no-unused-vars
  Line 754:13:   'sumBy' is assigned a value but never used             no-unused-vars
  Line 2496:49:  'offset' is assigned a value but never used            no-unused-vars

src\components\SalesPOS.js
  Line 34:20:   'setMessage' is assigned a value but never used  no-unused-vars
  Line 218:16:  'printObj' is assigned a value but never used    no-unused-vars

[39m[22m

webpack compiled with [1m[33m1 warning[39m[22m
Compiling...
Compiled with warnings.

[eslint] 
src\Login.js
  Line 285:7:  React Hook useEffect has a missing dependency: 'tryAutoParentReLogin'. Either include it or remove the dependency array                       react-hooks/exhaustive-deps
  Line 324:7:  React Hook useEffect has missing dependencies: 'preloadTeacherData' and 'tryAutoReLogin'. Either include them or remove the dependency array  react-hooks/exhaustive-deps

src\components\AttendanceManager.js
  Line 2:20:    'insertLog' is defined but never used       no-unused-vars
  Line 45:9:    'today' is assigned a value but never used  no-unused-vars
  Line 755:38:  'year' is assigned a value but never used   no-unused-vars

src\components\ClassManager.js
  Line 74:7:     'formatMonthYear' is assigned a value but never used                                                       no-unused-vars
  Line 1265:6:   React Hook useEffect has a missing dependency: 'config'. Either include it or remove the dependency array  react-hooks/exhaustive-deps
  Line 1435:13:  'latestHd' is assigned a value but never used                                                              no-unused-vars

src\components\ConfigManager.js
  Line 18:3:    'ExternalLink' is defined but never used                no-unused-vars
  Line 19:3:    'FileJson' is defined but never used                    no-unused-vars
  Line 20:3:    'RefreshCw' is defined but never used                   no-unused-vars
  Line 21:3:    'Key' is defined but never used                         no-unused-vars
  Line 23:3:    'LayoutDashboard' is defined but never used             no-unused-vars
  Line 24:3:    'MessageSquare' is defined but never used               no-unused-vars
  Line 25:3:    'BarChart3' is defined but never used                   no-unused-vars
  Line 26:3:    'Briefcase' is defined but never used                   no-unused-vars
  Line 27:3:    'Users' is defined but never used                       no-unused-vars
  Line 57:10:   'syncingSecrets' is assigned a value but never used     no-unused-vars
  Line 57:26:   'setSyncingSecrets' is assigned a value but never used  no-unused-vars
  Line 213:11:  'val' is assigned a value but never used                no-unused-vars

src\components\FinanceManager.js
  Line 6:32:     'Users' is defined but never used                      no-unused-vars
  Line 20:7:     'fCur' is assigned a value but never used              no-unused-vars
  Line 288:10:   'handlePrintLuong' is assigned a value but never used  no-unused-vars
  Line 754:13:   'sumBy' is assigned a value but never used             no-unused-vars
  Line 2496:49:  'offset' is assigned a value but never used            no-unused-vars

src\components\SalesPOS.js
  Line 34:20:   'setMessage' is assigned a value but never used  no-unused-vars
  Line 218:16:  'printObj' is assigned a value but never used    no-unused-vars

Search for the keywords to learn more about each warning.
To ignore, add // eslint-disable-next-line to the line before.

[1m[33mWARNING[39m[22m in [1m[eslint] 
src\Login.js
  Line 285:7:  React Hook useEffect has a missing dependency: 'tryAutoParentReLogin'. Either include it or remove the dependency array                       react-hooks/exhaustive-deps
  Line 324:7:  React Hook useEffect has missing dependencies: 'preloadTeacherData' and 'tryAutoReLogin'. Either include them or remove the dependency array  react-hooks/exhaustive-deps

src\components\AttendanceManager.js
  Line 2:20:    'insertLog' is defined but never used       no-unused-vars
  Line 45:9:    'today' is assigned a value but never used  no-unused-vars
  Line 755:38:  'year' is assigned a value but never used   no-unused-vars

src\components\ClassManager.js
  Line 74:7:     'formatMonthYear' is assigned a value but never used                                                       no-unused-vars
  Line 1265:6:   React Hook useEffect has a missing dependency: 'config'. Either include it or remove the dependency array  react-hooks/exhaustive-deps
  Line 1435:13:  'latestHd' is assigned a value but never used                                                              no-unused-vars

src\components\ConfigManager.js
  Line 18:3:    'ExternalLink' is defined but never used                no-unused-vars
  Line 19:3:    'FileJson' is defined but never used                    no-unused-vars
  Line 20:3:    'RefreshCw' is defined but never used                   no-unused-vars
  Line 21:3:    'Key' is defined but never used                         no-unused-vars
  Line 23:3:    'LayoutDashboard' is defined but never used             no-unused-vars
  Line 24:3:    'MessageSquare' is defined but never used               no-unused-vars
  Line 25:3:    'BarChart3' is defined but never used                   no-unused-vars
  Line 26:3:    'Briefcase' is defined but never used                   no-unused-vars
  Line 27:3:    'Users' is defined but never used                       no-unused-vars
  Line 57:10:   'syncingSecrets' is assigned a value but never used     no-unused-vars
  Line 57:26:   'setSyncingSecrets' is assigned a value but never used  no-unused-vars
  Line 213:11:  'val' is assigned a value but never used                no-unused-vars

src\components\FinanceManager.js
  Line 6:32:     'Users' is defined but never used                      no-unused-vars
  Line 20:7:     'fCur' is assigned a value but never used              no-unused-vars
  Line 288:10:   'handlePrintLuong' is assigned a value but never used  no-unused-vars
  Line 754:13:   'sumBy' is assigned a value but never used             no-unused-vars
  Line 2496:49:  'offset' is assigned a value but never used            no-unused-vars

src\components\SalesPOS.js
  Line 34:20:   'setMessage' is assigned a value but never used  no-unused-vars
  Line 218:16:  'printObj' is assigned a value but never used    no-unused-vars

[39m[22m

webpack compiled with [1m[33m1 warning[39m[22m
Compiling...
Compiled with warnings.

[eslint] 
src\Login.js
  Line 285:7:  React Hook useEffect has a missing dependency: 'tryAutoParentReLogin'. Either include it or remove the dependency array                       react-hooks/exhaustive-deps
  Line 324:7:  React Hook useEffect has missing dependencies: 'preloadTeacherData' and 'tryAutoReLogin'. Either include them or remove the dependency array  react-hooks/exhaustive-deps

src\components\AttendanceManager.js
  Line 2:20:    'insertLog' is defined but never used       no-unused-vars
  Line 45:9:    'today' is assigned a value but never used  no-unused-vars
  Line 755:38:  'year' is assigned a value but never used   no-unused-vars

src\components\ClassManager.js
  Line 74:7:     'formatMonthYear' is assigned a value but never used                                                       no-unused-vars
  Line 1265:6:   React Hook useEffect has a missing dependency: 'config'. Either include it or remove the dependency array  react-hooks/exhaustive-deps
  Line 1435:13:  'latestHd' is assigned a value but never used                                                              no-unused-vars

src\components\ConfigManager.js
  Line 18:3:    'ExternalLink' is defined but never used                no-unused-vars
  Line 19:3:    'FileJson' is defined but never used                    no-unused-vars
  Line 20:3:    'RefreshCw' is defined but never used                   no-unused-vars
  Line 21:3:    'Key' is defined but never used                         no-unused-vars
  Line 23:3:    'LayoutDashboard' is defined but never used             no-unused-vars
  Line 24:3:    'MessageSquare' is defined but never used               no-unused-vars
  Line 25:3:    'BarChart3' is defined but never used                   no-unused-vars
  Line 26:3:    'Briefcase' is defined but never used                   no-unused-vars
  Line 27:3:    'Users' is defined but never used                       no-unused-vars
  Line 57:10:   'syncingSecrets' is assigned a value but never used     no-unused-vars
  Line 57:26:   'setSyncingSecrets' is assigned a value but never used  no-unused-vars
  Line 213:11:  'val' is assigned a value but never used                no-unused-vars

src\components\FinanceManager.js
  Line 6:32:    'Users' is defined but never used                      no-unused-vars
  Line 20:7:    'fCur' is assigned a value but never used              no-unused-vars
  Line 288:10:  'handlePrintLuong' is assigned a value but never used  no-unused-vars
  Line 754:13:  'sumBy' is assigned a value but never used             no-unused-vars

src\components\SalesPOS.js
  Line 34:20:   'setMessage' is assigned a value but never used  no-unused-vars
  Line 218:16:  'printObj' is assigned a value but never used    no-unused-vars

Search for the keywords to learn more about each warning.
To ignore, add // eslint-disable-next-line to the line before.

[1m[33mWARNING[39m[22m in [1m[eslint] 
src\Login.js
  Line 285:7:  React Hook useEffect has a missing dependency: 'tryAutoParentReLogin'. Either include it or remove the dependency array                       react-hooks/exhaustive-deps
  Line 324:7:  React Hook useEffect has missing dependencies: 'preloadTeacherData' and 'tryAutoReLogin'. Either include them or remove the dependency array  react-hooks/exhaustive-deps

src\components\AttendanceManager.js
  Line 2:20:    'insertLog' is defined but never used       no-unused-vars
  Line 45:9:    'today' is assigned a value but never used  no-unused-vars
  Line 755:38:  'year' is assigned a value but never used   no-unused-vars

src\components\ClassManager.js
  Line 74:7:     'formatMonthYear' is assigned a value but never used                                                       no-unused-vars
  Line 1265:6:   React Hook useEffect has a missing dependency: 'config'. Either include it or remove the dependency array  react-hooks/exhaustive-deps
  Line 1435:13:  'latestHd' is assigned a value but never used                                                              no-unused-vars

src\components\ConfigManager.js
  Line 18:3:    'ExternalLink' is defined but never used                no-unused-vars
  Line 19:3:    'FileJson' is defined but never used                    no-unused-vars
  Line 20:3:    'RefreshCw' is defined but never used                   no-unused-vars
  Line 21:3:    'Key' is defined but never used                         no-unused-vars
  Line 23:3:    'LayoutDashboard' is defined but never used             no-unused-vars
  Line 24:3:    'MessageSquare' is defined but never used               no-unused-vars
  Line 25:3:    'BarChart3' is defined but never used                   no-unused-vars
  Line 26:3:    'Briefcase' is defined but never used                   no-unused-vars
  Line 27:3:    'Users' is defined but never used                       no-unused-vars
  Line 57:10:   'syncingSecrets' is assigned a value but never used     no-unused-vars
  Line 57:26:   'setSyncingSecrets' is assigned a value but never used  no-unused-vars
  Line 213:11:  'val' is assigned a value but never used                no-unused-vars

src\components\FinanceManager.js
  Line 6:32:    'Users' is defined but never used                      no-unused-vars
  Line 20:7:    'fCur' is assigned a value but never used              no-unused-vars
  Line 288:10:  'handlePrintLuong' is assigned a value but never used  no-unused-vars
  Line 754:13:  'sumBy' is assigned a value but never used             no-unused-vars

src\components\SalesPOS.js
  Line 34:20:   'setMessage' is assigned a value but never used  no-unused-vars
  Line 218:16:  'printObj' is assigned a value but never used    no-unused-vars

[39m[22m

webpack compiled with [1m[33m1 warning[39m[22m
Compiling...
Compiled with warnings.

[eslint] 
src\Login.js
  Line 285:7:  React Hook useEffect has a missing dependency: 'tryAutoParentReLogin'. Either include it or remove the dependency array                       react-hooks/exhaustive-deps
  Line 324:7:  React Hook useEffect has missing dependencies: 'preloadTeacherData' and 'tryAutoReLogin'. Either include them or remove the dependency array  react-hooks/exhaustive-deps

src\components\AttendanceManager.js
  Line 2:20:    'insertLog' is defined but never used       no-unused-vars
  Line 45:9:    'today' is assigned a value but never used  no-unused-vars
  Line 755:38:  'year' is assigned a value but never used   no-unused-vars

src\components\ClassManager.js
  Line 74:7:     'formatMonthYear' is assigned a value but never used                                                       no-unused-vars
  Line 1265:6:   React Hook useEffect has a missing dependency: 'config'. Either include it or remove the dependency array  react-hooks/exhaustive-deps
  Line 1435:13:  'latestHd' is assigned a value but never used                                                              no-unused-vars

src\components\ConfigManager.js
  Line 18:3:    'ExternalLink' is defined but never used                no-unused-vars
  Line 19:3:    'FileJson' is defined but never used                    no-unused-vars
  Line 20:3:    'RefreshCw' is defined but never used                   no-unused-vars
  Line 21:3:    'Key' is defined but never used                         no-unused-vars
  Line 23:3:    'LayoutDashboard' is defined but never used             no-unused-vars
  Line 24:3:    'MessageSquare' is defined but never used               no-unused-vars
  Line 25:3:    'BarChart3' is defined but never used                   no-unused-vars
  Line 26:3:    'Briefcase' is defined but never used                   no-unused-vars
  Line 27:3:    'Users' is defined but never used                       no-unused-vars
  Line 57:10:   'syncingSecrets' is assigned a value but never used     no-unused-vars
  Line 57:26:   'setSyncingSecrets' is assigned a value but never used  no-unused-vars
  Line 213:11:  'val' is assigned a value but never used                no-unused-vars

src\components\FinanceManager.js
  Line 6:32:    'Users' is defined but never used                      no-unused-vars
  Line 20:7:    'fCur' is assigned a value but never used              no-unused-vars
  Line 288:10:  'handlePrintLuong' is assigned a value but never used  no-unused-vars
  Line 754:13:  'sumBy' is assigned a value but never used             no-unused-vars

src\components\SalesPOS.js
  Line 34:20:   'setMessage' is assigned a value but never used  no-unused-vars
  Line 218:16:  'printObj' is assigned a value but never used    no-unused-vars

Search for the keywords to learn more about each warning.
To ignore, add // eslint-disable-next-line to the line before.

[1m[33mWARNING[39m[22m in [1m[eslint] 
src\Login.js
  Line 285:7:  React Hook useEffect has a missing dependency: 'tryAutoParentReLogin'. Either include it or remove the dependency array                       react-hooks/exhaustive-deps
  Line 324:7:  React Hook useEffect has missing dependencies: 'preloadTeacherData' and 'tryAutoReLogin'. Either include them or remove the dependency array  react-hooks/exhaustive-deps

src\components\AttendanceManager.js
  Line 2:20:    'insertLog' is defined but never used       no-unused-vars
  Line 45:9:    'today' is assigned a value but never used  no-unused-vars
  Line 755:38:  'year' is assigned a value but never used   no-unused-vars

src\components\ClassManager.js
  Line 74:7:     'formatMonthYear' is assigned a value but never used                                                       no-unused-vars
  Line 1265:6:   React Hook useEffect has a missing dependency: 'config'. Either include it or remove the dependency array  react-hooks/exhaustive-deps
  Line 1435:13:  'latestHd' is assigned a value but never used                                                              no-unused-vars

src\components\ConfigManager.js
  Line 18:3:    'ExternalLink' is defined but never used                no-unused-vars
  Line 19:3:    'FileJson' is defined but never used                    no-unused-vars
  Line 20:3:    'RefreshCw' is defined but never used                   no-unused-vars
  Line 21:3:    'Key' is defined but never used                         no-unused-vars
  Line 23:3:    'LayoutDashboard' is defined but never used             no-unused-vars
  Line 24:3:    'MessageSquare' is defined but never used               no-unused-vars
  Line 25:3:    'BarChart3' is defined but never used                   no-unused-vars
  Line 26:3:    'Briefcase' is defined but never used                   no-unused-vars
  Line 27:3:    'Users' is defined but never used                       no-unused-vars
  Line 57:10:   'syncingSecrets' is assigned a value but never used     no-unused-vars
  Line 57:26:   'setSyncingSecrets' is assigned a value but never used  no-unused-vars
  Line 213:11:  'val' is assigned a value but never used                no-unused-vars

src\components\FinanceManager.js
  Line 6:32:    'Users' is defined but never used                      no-unused-vars
  Line 20:7:    'fCur' is assigned a value but never used              no-unused-vars
  Line 288:10:  'handlePrintLuong' is assigned a value but never used  no-unused-vars
  Line 754:13:  'sumBy' is assigned a value but never used             no-unused-vars

src\components\SalesPOS.js
  Line 34:20:   'setMessage' is assigned a value but never used  no-unused-vars
  Line 218:16:  'printObj' is assigned a value but never used    no-unused-vars

[39m[22m

webpack compiled with [1m[33m1 warning[39m[22m
Compiling...
Compiled with warnings.

[eslint] 
src\Login.js
  Line 285:7:  React Hook useEffect has a missing dependency: 'tryAutoParentReLogin'. Either include it or remove the dependency array                       react-hooks/exhaustive-deps
  Line 324:7:  React Hook useEffect has missing dependencies: 'preloadTeacherData' and 'tryAutoReLogin'. Either include them or remove the dependency array  react-hooks/exhaustive-deps

src\components\AttendanceManager.js
  Line 2:20:    'insertLog' is defined but never used       no-unused-vars
  Line 45:9:    'today' is assigned a value but never used  no-unused-vars
  Line 755:38:  'year' is assigned a value but never used   no-unused-vars

src\components\ClassManager.js
  Line 74:7:     'formatMonthYear' is assigned a value but never used                                                       no-unused-vars
  Line 1265:6:   React Hook useEffect has a missing dependency: 'config'. Either include it or remove the dependency array  react-hooks/exhaustive-deps
  Line 1435:13:  'latestHd' is assigned a value but never used                                                              no-unused-vars

src\components\ConfigManager.js
  Line 18:3:    'ExternalLink' is defined but never used                no-unused-vars
  Line 19:3:    'FileJson' is defined but never used                    no-unused-vars
  Line 20:3:    'RefreshCw' is defined but never used                   no-unused-vars
  Line 21:3:    'Key' is defined but never used                         no-unused-vars
  Line 23:3:    'LayoutDashboard' is defined but never used             no-unused-vars
  Line 24:3:    'MessageSquare' is defined but never used               no-unused-vars
  Line 25:3:    'BarChart3' is defined but never used                   no-unused-vars
  Line 26:3:    'Briefcase' is defined but never used                   no-unused-vars
  Line 27:3:    'Users' is defined but never used                       no-unused-vars
  Line 57:10:   'syncingSecrets' is assigned a value but never used     no-unused-vars
  Line 57:26:   'setSyncingSecrets' is assigned a value but never used  no-unused-vars
  Line 213:11:  'val' is assigned a value but never used                no-unused-vars

src\components\FinanceManager.js
  Line 6:32:    'Users' is defined but never used                      no-unused-vars
  Line 20:7:    'fCur' is assigned a value but never used              no-unused-vars
  Line 288:10:  'handlePrintLuong' is assigned a value but never used  no-unused-vars
  Line 754:13:  'sumBy' is assigned a value but never used             no-unused-vars

src\components\SalesPOS.js
  Line 34:20:   'setMessage' is assigned a value but never used  no-unused-vars
  Line 218:16:  'printObj' is assigned a value but never used    no-unused-vars

Search for the keywords to learn more about each warning.
To ignore, add // eslint-disable-next-line to the line before.

[1m[33mWARNING[39m[22m in [1m[eslint] 
src\Login.js
  Line 285:7:  React Hook useEffect has a missing dependency: 'tryAutoParentReLogin'. Either include it or remove the dependency array                       react-hooks/exhaustive-deps
  Line 324:7:  React Hook useEffect has missing dependencies: 'preloadTeacherData' and 'tryAutoReLogin'. Either include them or remove the dependency array  react-hooks/exhaustive-deps

src\components\AttendanceManager.js
  Line 2:20:    'insertLog' is defined but never used       no-unused-vars
  Line 45:9:    'today' is assigned a value but never used  no-unused-vars
  Line 755:38:  'year' is assigned a value but never used   no-unused-vars

src\components\ClassManager.js
  Line 74:7:     'formatMonthYear' is assigned a value but never used                                                       no-unused-vars
  Line 1265:6:   React Hook useEffect has a missing dependency: 'config'. Either include it or remove the dependency array  react-hooks/exhaustive-deps
  Line 1435:13:  'latestHd' is assigned a value but never used                                                              no-unused-vars

src\components\ConfigManager.js
  Line 18:3:    'ExternalLink' is defined but never used                no-unused-vars
  Line 19:3:    'FileJson' is defined but never used                    no-unused-vars
  Line 20:3:    'RefreshCw' is defined but never used                   no-unused-vars
  Line 21:3:    'Key' is defined but never used                         no-unused-vars
  Line 23:3:    'LayoutDashboard' is defined but never used             no-unused-vars
  Line 24:3:    'MessageSquare' is defined but never used               no-unused-vars
  Line 25:3:    'BarChart3' is defined but never used                   no-unused-vars
  Line 26:3:    'Briefcase' is defined but never used                   no-unused-vars
  Line 27:3:    'Users' is defined but never used                       no-unused-vars
  Line 57:10:   'syncingSecrets' is assigned a value but never used     no-unused-vars
  Line 57:26:   'setSyncingSecrets' is assigned a value but never used  no-unused-vars
  Line 213:11:  'val' is assigned a value but never used                no-unused-vars

src\components\FinanceManager.js
  Line 6:32:    'Users' is defined but never used                      no-unused-vars
  Line 20:7:    'fCur' is assigned a value but never used              no-unused-vars
  Line 288:10:  'handlePrintLuong' is assigned a value but never used  no-unused-vars
  Line 754:13:  'sumBy' is assigned a value but never used             no-unused-vars

src\components\SalesPOS.js
  Line 34:20:   'setMessage' is assigned a value but never used  no-unused-vars
  Line 218:16:  'printObj' is assigned a value but never used    no-unused-vars

[39m[22m

webpack compiled with [1m[33m1 warning[39m[22m
Compiling...
Compiled with warnings.

[eslint] 
src\Login.js
  Line 285:7:  React Hook useEffect has a missing dependency: 'tryAutoParentReLogin'. Either include it or remove the dependency array                       react-hooks/exhaustive-deps
  Line 324:7:  React Hook useEffect has missing dependencies: 'preloadTeacherData' and 'tryAutoReLogin'. Either include them or remove the dependency array  react-hooks/exhaustive-deps

src\components\AttendanceManager.js
  Line 2:20:    'insertLog' is defined but never used       no-unused-vars
  Line 45:9:    'today' is assigned a value but never used  no-unused-vars
  Line 755:38:  'year' is assigned a value but never used   no-unused-vars

src\components\ClassManager.js
  Line 74:7:     'formatMonthYear' is assigned a value but never used                                                       no-unused-vars
  Line 1265:6:   React Hook useEffect has a missing dependency: 'config'. Either include it or remove the dependency array  react-hooks/exhaustive-deps
  Line 1435:13:  'latestHd' is assigned a value but never used                                                              no-unused-vars

src\components\ConfigManager.js
  Line 18:3:    'ExternalLink' is defined but never used                no-unused-vars
  Line 19:3:    'FileJson' is defined but never used                    no-unused-vars
  Line 20:3:    'RefreshCw' is defined but never used                   no-unused-vars
  Line 21:3:    'Key' is defined but never used                         no-unused-vars
  Line 23:3:    'LayoutDashboard' is defined but never used             no-unused-vars
  Line 24:3:    'MessageSquare' is defined but never used               no-unused-vars
  Line 25:3:    'BarChart3' is defined but never used                   no-unused-vars
  Line 26:3:    'Briefcase' is defined but never used                   no-unused-vars
  Line 27:3:    'Users' is defined but never used                       no-unused-vars
  Line 57:10:   'syncingSecrets' is assigned a value but never used     no-unused-vars
  Line 57:26:   'setSyncingSecrets' is assigned a value but never used  no-unused-vars
  Line 213:11:  'val' is assigned a value but never used                no-unused-vars

src\components\FinanceManager.js
  Line 6:32:    'Users' is defined but never used                      no-unused-vars
  Line 20:7:    'fCur' is assigned a value but never used              no-unused-vars
  Line 288:10:  'handlePrintLuong' is assigned a value but never used  no-unused-vars
  Line 754:13:  'sumBy' is assigned a value but never used             no-unused-vars

src\components\SalesPOS.js
  Line 34:20:   'setMessage' is assigned a value but never used  no-unused-vars
  Line 218:16:  'printObj' is assigned a value but never used    no-unused-vars

Search for the keywords to learn more about each warning.
To ignore, add // eslint-disable-next-line to the line before.

[1m[33mWARNING[39m[22m in [1m[eslint] 
src\Login.js
  Line 285:7:  React Hook useEffect has a missing dependency: 'tryAutoParentReLogin'. Either include it or remove the dependency array                       react-hooks/exhaustive-deps
  Line 324:7:  React Hook useEffect has missing dependencies: 'preloadTeacherData' and 'tryAutoReLogin'. Either include them or remove the dependency array  react-hooks/exhaustive-deps

src\components\AttendanceManager.js
  Line 2:20:    'insertLog' is defined but never used       no-unused-vars
  Line 45:9:    'today' is assigned a value but never used  no-unused-vars
  Line 755:38:  'year' is assigned a value but never used   no-unused-vars

src\components\ClassManager.js
  Line 74:7:     'formatMonthYear' is assigned a value but never used                                                       no-unused-vars
  Line 1265:6:   React Hook useEffect has a missing dependency: 'config'. Either include it or remove the dependency array  react-hooks/exhaustive-deps
  Line 1435:13:  'latestHd' is assigned a value but never used                                                              no-unused-vars

src\components\ConfigManager.js
  Line 18:3:    'ExternalLink' is defined but never used                no-unused-vars
  Line 19:3:    'FileJson' is defined but never used                    no-unused-vars
  Line 20:3:    'RefreshCw' is defined but never used                   no-unused-vars
  Line 21:3:    'Key' is defined but never used                         no-unused-vars
  Line 23:3:    'LayoutDashboard' is defined but never used             no-unused-vars
  Line 24:3:    'MessageSquare' is defined but never used               no-unused-vars
  Line 25:3:    'BarChart3' is defined but never used                   no-unused-vars
  Line 26:3:    'Briefcase' is defined but never used                   no-unused-vars
  Line 27:3:    'Users' is defined but never used                       no-unused-vars
  Line 57:10:   'syncingSecrets' is assigned a value but never used     no-unused-vars
  Line 57:26:   'setSyncingSecrets' is assigned a value but never used  no-unused-vars
  Line 213:11:  'val' is assigned a value but never used                no-unused-vars

src\components\FinanceManager.js
  Line 6:32:    'Users' is defined but never used                      no-unused-vars
  Line 20:7:    'fCur' is assigned a value but never used              no-unused-vars
  Line 288:10:  'handlePrintLuong' is assigned a value but never used  no-unused-vars
  Line 754:13:  'sumBy' is assigned a value but never used             no-unused-vars

src\components\SalesPOS.js
  Line 34:20:   'setMessage' is assigned a value but never used  no-unused-vars
  Line 218:16:  'printObj' is assigned a value but never used    no-unused-vars

[39m[22m

webpack compiled with [1m[33m1 warning[39m[22m
Compiling...
Compiled with warnings.

[eslint] 
src\Login.js
  Line 285:7:  React Hook useEffect has a missing dependency: 'tryAutoParentReLogin'. Either include it or remove the dependency array                       react-hooks/exhaustive-deps
  Line 324:7:  React Hook useEffect has missing dependencies: 'preloadTeacherData' and 'tryAutoReLogin'. Either include them or remove the dependency array  react-hooks/exhaustive-deps

src\components\AttendanceManager.js
  Line 2:20:    'insertLog' is defined but never used       no-unused-vars
  Line 45:9:    'today' is assigned a value but never used  no-unused-vars
  Line 755:38:  'year' is assigned a value but never used   no-unused-vars

src\components\ClassManager.js
  Line 74:7:     'formatMonthYear' is assigned a value but never used                                                       no-unused-vars
  Line 1265:6:   React Hook useEffect has a missing dependency: 'config'. Either include it or remove the dependency array  react-hooks/exhaustive-deps
  Line 1435:13:  'latestHd' is assigned a value but never used                                                              no-unused-vars

src\components\ConfigManager.js
  Line 18:3:    'ExternalLink' is defined but never used                no-unused-vars
  Line 19:3:    'FileJson' is defined but never used                    no-unused-vars
  Line 20:3:    'RefreshCw' is defined but never used                   no-unused-vars
  Line 21:3:    'Key' is defined but never used                         no-unused-vars
  Line 23:3:    'LayoutDashboard' is defined but never used             no-unused-vars
  Line 24:3:    'MessageSquare' is defined but never used               no-unused-vars
  Line 25:3:    'BarChart3' is defined but never used                   no-unused-vars
  Line 26:3:    'Briefcase' is defined but never used                   no-unused-vars
  Line 27:3:    'Users' is defined but never used                       no-unused-vars
  Line 57:10:   'syncingSecrets' is assigned a value but never used     no-unused-vars
  Line 57:26:   'setSyncingSecrets' is assigned a value but never used  no-unused-vars
  Line 213:11:  'val' is assigned a value but never used                no-unused-vars

src\components\FinanceManager.js
  Line 6:32:    'Users' is defined but never used                      no-unused-vars
  Line 20:7:    'fCur' is assigned a value but never used              no-unused-vars
  Line 288:10:  'handlePrintLuong' is assigned a value but never used  no-unused-vars
  Line 754:13:  'sumBy' is assigned a value but never used             no-unused-vars

src\components\SalesPOS.js
  Line 34:20:   'setMessage' is assigned a value but never used  no-unused-vars
  Line 218:16:  'printObj' is assigned a value but never used    no-unused-vars

Search for the keywords to learn more about each warning.
To ignore, add // eslint-disable-next-line to the line before.

[1m[33mWARNING[39m[22m in [1m[eslint] 
src\Login.js
  Line 285:7:  React Hook useEffect has a missing dependency: 'tryAutoParentReLogin'. Either include it or remove the dependency array                       react-hooks/exhaustive-deps
  Line 324:7:  React Hook useEffect has missing dependencies: 'preloadTeacherData' and 'tryAutoReLogin'. Either include them or remove the dependency array  react-hooks/exhaustive-deps

src\components\AttendanceManager.js
  Line 2:20:    'insertLog' is defined but never used       no-unused-vars
  Line 45:9:    'today' is assigned a value but never used  no-unused-vars
  Line 755:38:  'year' is assigned a value but never used   no-unused-vars

src\components\ClassManager.js
  Line 74:7:     'formatMonthYear' is assigned a value but never used                                                       no-unused-vars
  Line 1265:6:   React Hook useEffect has a missing dependency: 'config'. Either include it or remove the dependency array  react-hooks/exhaustive-deps
  Line 1435:13:  'latestHd' is assigned a value but never used                                                              no-unused-vars

src\components\ConfigManager.js
  Line 18:3:    'ExternalLink' is defined but never used                no-unused-vars
  Line 19:3:    'FileJson' is defined but never used                    no-unused-vars
  Line 20:3:    'RefreshCw' is defined but never used                   no-unused-vars
  Line 21:3:    'Key' is defined but never used                         no-unused-vars
  Line 23:3:    'LayoutDashboard' is defined but never used             no-unused-vars
  Line 24:3:    'MessageSquare' is defined but never used               no-unused-vars
  Line 25:3:    'BarChart3' is defined but never used                   no-unused-vars
  Line 26:3:    'Briefcase' is defined but never used                   no-unused-vars
  Line 27:3:    'Users' is defined but never used                       no-unused-vars
  Line 57:10:   'syncingSecrets' is assigned a value but never used     no-unused-vars
  Line 57:26:   'setSyncingSecrets' is assigned a value but never used  no-unused-vars
  Line 213:11:  'val' is assigned a value but never used                no-unused-vars

src\components\FinanceManager.js
  Line 6:32:    'Users' is defined but never used                      no-unused-vars
  Line 20:7:    'fCur' is assigned a value but never used              no-unused-vars
  Line 288:10:  'handlePrintLuong' is assigned a value but never used  no-unused-vars
  Line 754:13:  'sumBy' is assigned a value but never used             no-unused-vars

src\components\SalesPOS.js
  Line 34:20:   'setMessage' is assigned a value but never used  no-unused-vars
  Line 218:16:  'printObj' is assigned a value but never used    no-unused-vars

[39m[22m

webpack compiled with [1m[33m1 warning[39m[22m
Compiling...
Compiled with warnings.

[eslint] 
src\Login.js
  Line 285:7:  React Hook useEffect has a missing dependency: 'tryAutoParentReLogin'. Either include it or remove the dependency array                       react-hooks/exhaustive-deps
  Line 324:7:  React Hook useEffect has missing dependencies: 'preloadTeacherData' and 'tryAutoReLogin'. Either include them or remove the dependency array  react-hooks/exhaustive-deps

src\components\AttendanceManager.js
  Line 2:20:    'insertLog' is defined but never used       no-unused-vars
  Line 45:9:    'today' is assigned a value but never used  no-unused-vars
  Line 755:38:  'year' is assigned a value but never used   no-unused-vars

src\components\ClassManager.js
  Line 74:7:     'formatMonthYear' is assigned a value but never used                                                       no-unused-vars
  Line 1265:6:   React Hook useEffect has a missing dependency: 'config'. Either include it or remove the dependency array  react-hooks/exhaustive-deps
  Line 1435:13:  'latestHd' is assigned a value but never used                                                              no-unused-vars

src\components\ConfigManager.js
  Line 18:3:    'ExternalLink' is defined but never used                no-unused-vars
  Line 19:3:    'FileJson' is defined but never used                    no-unused-vars
  Line 20:3:    'RefreshCw' is defined but never used                   no-unused-vars
  Line 21:3:    'Key' is defined but never used                         no-unused-vars
  Line 23:3:    'LayoutDashboard' is defined but never used             no-unused-vars
  Line 24:3:    'MessageSquare' is defined but never used               no-unused-vars
  Line 25:3:    'BarChart3' is defined but never used                   no-unused-vars
  Line 26:3:    'Briefcase' is defined but never used                   no-unused-vars
  Line 27:3:    'Users' is defined but never used                       no-unused-vars
  Line 57:10:   'syncingSecrets' is assigned a value but never used     no-unused-vars
  Line 57:26:   'setSyncingSecrets' is assigned a value but never used  no-unused-vars
  Line 213:11:  'val' is assigned a value but never used                no-unused-vars

src\components\FinanceManager.js
  Line 6:32:    'Users' is defined but never used                      no-unused-vars
  Line 20:7:    'fCur' is assigned a value but never used              no-unused-vars
  Line 288:10:  'handlePrintLuong' is assigned a value but never used  no-unused-vars
  Line 754:13:  'sumBy' is assigned a value but never used             no-unused-vars

src\components\SalesPOS.js
  Line 34:20:   'setMessage' is assigned a value but never used  no-unused-vars
  Line 218:16:  'printObj' is assigned a value but never used    no-unused-vars

Search for the keywords to learn more about each warning.
To ignore, add // eslint-disable-next-line to the line before.

[1m[33mWARNING[39m[22m in [1m[eslint] 
src\Login.js
  Line 285:7:  React Hook useEffect has a missing dependency: 'tryAutoParentReLogin'. Either include it or remove the dependency array                       react-hooks/exhaustive-deps
  Line 324:7:  React Hook useEffect has missing dependencies: 'preloadTeacherData' and 'tryAutoReLogin'. Either include them or remove the dependency array  react-hooks/exhaustive-deps

src\components\AttendanceManager.js
  Line 2:20:    'insertLog' is defined but never used       no-unused-vars
  Line 45:9:    'today' is assigned a value but never used  no-unused-vars
  Line 755:38:  'year' is assigned a value but never used   no-unused-vars

src\components\ClassManager.js
  Line 74:7:     'formatMonthYear' is assigned a value but never used                                                       no-unused-vars
  Line 1265:6:   React Hook useEffect has a missing dependency: 'config'. Either include it or remove the dependency array  react-hooks/exhaustive-deps
  Line 1435:13:  'latestHd' is assigned a value but never used                                                              no-unused-vars

src\components\ConfigManager.js
  Line 18:3:    'ExternalLink' is defined but never used                no-unused-vars
  Line 19:3:    'FileJson' is defined but never used                    no-unused-vars
  Line 20:3:    'RefreshCw' is defined but never used                   no-unused-vars
  Line 21:3:    'Key' is defined but never used                         no-unused-vars
  Line 23:3:    'LayoutDashboard' is defined but never used             no-unused-vars
  Line 24:3:    'MessageSquare' is defined but never used               no-unused-vars
  Line 25:3:    'BarChart3' is defined but never used                   no-unused-vars
  Line 26:3:    'Briefcase' is defined but never used                   no-unused-vars
  Line 27:3:    'Users' is defined but never used                       no-unused-vars
  Line 57:10:   'syncingSecrets' is assigned a value but never used     no-unused-vars
  Line 57:26:   'setSyncingSecrets' is assigned a value but never used  no-unused-vars
  Line 213:11:  'val' is assigned a value but never used                no-unused-vars

src\components\FinanceManager.js
  Line 6:32:    'Users' is defined but never used                      no-unused-vars
  Line 20:7:    'fCur' is assigned a value but never used              no-unused-vars
  Line 288:10:  'handlePrintLuong' is assigned a value but never used  no-unused-vars
  Line 754:13:  'sumBy' is assigned a value but never used             no-unused-vars

src\components\SalesPOS.js
  Line 34:20:   'setMessage' is assigned a value but never used  no-unused-vars
  Line 218:16:  'printObj' is assigned a value but never used    no-unused-vars

[39m[22m

webpack compiled with [1m[33m1 warning[39m[22m
Compiling...
Compiled with warnings.

[eslint] 
src\Login.js
  Line 285:7:  React Hook useEffect has a missing dependency: 'tryAutoParentReLogin'. Either include it or remove the dependency array                       react-hooks/exhaustive-deps
  Line 324:7:  React Hook useEffect has missing dependencies: 'preloadTeacherData' and 'tryAutoReLogin'. Either include them or remove the dependency array  react-hooks/exhaustive-deps

src\components\AttendanceManager.js
  Line 2:20:    'insertLog' is defined but never used      no-unused-vars
  Line 769:38:  'year' is assigned a value but never used  no-unused-vars

src\components\ClassManager.js
  Line 1:38:     'useRef' is defined but never used                                                                                                                                                                                                                            no-unused-vars
  Line 6:92:     'Clock' is defined but never used                                                                                                                                                                                                                             no-unused-vars
  Line 106:7:    'calculateThoiluong' is assigned a value but never used                                                                                                                                                                                                       no-unused-vars
  Line 256:9:    'batchStudentCount' is assigned a value but never used                                                                                                                                                                                                        no-unused-vars
  Line 257:9:    'batchNgayBatDau' is assigned a value but never used                                                                                                                                                                                                          no-unused-vars
  Line 258:9:    'batchNgayKetThuc' is assigned a value but never used                                                                                                                                                                                                         no-unused-vars
  Line 259:9:    'batchLoaiDong' is assigned a value but never used                                                                                                                                                                                                            no-unused-vars
  Line 260:9:    'batchSoLuong' is assigned a value but never used                                                                                                                                                                                                             no-unused-vars
  Line 305:6:    React Hook useEffect has a missing dependency: 'fetchClasses'. Either include it or remove the dependency array                                                                                                                                               react-hooks/exhaustive-deps
  Line 579:13:   'tl' is assigned a value but never used                                                                                                                                                                                                                       no-unused-vars
  Line 590:15:   'currentLastHdStart' is assigned a value but never used                                                                                                                                                                                                       no-unused-vars
  Line 591:15:   'currentLastHdEnd' is assigned a value but never used                                                                                                                                                                                                         no-unused-vars
  Line 592:15:   'currentLastHdDuration' is assigned a value but never used                                                                                                                                                                                                    no-unused-vars
  Line 807:6:    React Hook useEffect has missing dependencies: 'batchNoticeData.ngayBatDau', 'batchStudentsData', 'handleBatchMonthChange', and 'isBatchNoticeOpen'. Either include them or remove the dependency array                                                       react-hooks/exhaustive-deps
  Line 1188:6:   React Hook useEffect has missing dependencies: 'config.r2_access_key_id', 'config.r2_bucket_name', 'config?.r2_enabled', 'config.r2_endpoint', 'config.r2_public_url', and 'config.r2_secret_access_key'. Either include them or remove the dependency array  react-hooks/exhaustive-deps
  Line 1345:13:  'latestHd' is assigned a value but never used                                                                                                                                                                                                                 no-unused-vars

src\components\ConfigManager.js
  Line 18:3:    'ExternalLink' is defined but never used                no-unused-vars
  Line 19:3:    'FileJson' is defined but never used                    no-unused-vars
  Line 20:3:    'RefreshCw' is defined but never used                   no-unused-vars
  Line 21:3:    'Key' is defined but never used                         no-unused-vars
  Line 23:3:    'LayoutDashboard' is defined but never used             no-unused-vars
  Line 24:3:    'MessageSquare' is defined but never used               no-unused-vars
  Line 25:3:    'BarChart3' is defined but never used                   no-unused-vars
  Line 26:3:    'Briefcase' is defined but never used                   no-unused-vars
  Line 27:3:    'Users' is defined but never used                       no-unused-vars
  Line 57:10:   'syncingSecrets' is assigned a value but never used     no-unused-vars
  Line 57:26:   'setSyncingSecrets' is assigned a value but never used  no-unused-vars
  Line 213:11:  'val' is assigned a value but never used                no-unused-vars

src\components\FinanceManager.js
  Line 6:32:    'Users' is defined but never used                      no-unused-vars
  Line 20:7:    'fCur' is assigned a value but never used              no-unused-vars
  Line 288:10:  'handlePrintLuong' is assigned a value but never used  no-unused-vars
  Line 754:13:  'sumBy' is assigned a value but never used             no-unused-vars

src\components\SalesPOS.js
  Line 35:20:   'setMessage' is assigned a value but never used  no-unused-vars
  Line 220:16:  'printObj' is assigned a value but never used    no-unused-vars

Search for the keywords to learn more about each warning.
To ignore, add // eslint-disable-next-line to the line before.

[1m[33mWARNING[39m[22m in [1m[eslint] 
src\Login.js
  Line 285:7:  React Hook useEffect has a missing dependency: 'tryAutoParentReLogin'. Either include it or remove the dependency array                       react-hooks/exhaustive-deps
  Line 324:7:  React Hook useEffect has missing dependencies: 'preloadTeacherData' and 'tryAutoReLogin'. Either include them or remove the dependency array  react-hooks/exhaustive-deps

src\components\AttendanceManager.js
  Line 2:20:    'insertLog' is defined but never used      no-unused-vars
  Line 769:38:  'year' is assigned a value but never used  no-unused-vars

src\components\ClassManager.js
  Line 1:38:     'useRef' is defined but never used                                                                                                                                                                                                                            no-unused-vars
  Line 6:92:     'Clock' is defined but never used                                                                                                                                                                                                                             no-unused-vars
  Line 106:7:    'calculateThoiluong' is assigned a value but never used                                                                                                                                                                                                       no-unused-vars
  Line 256:9:    'batchStudentCount' is assigned a value but never used                                                                                                                                                                                                        no-unused-vars
  Line 257:9:    'batchNgayBatDau' is assigned a value but never used                                                                                                                                                                                                          no-unused-vars
  Line 258:9:    'batchNgayKetThuc' is assigned a value but never used                                                                                                                                                                                                         no-unused-vars
  Line 259:9:    'batchLoaiDong' is assigned a value but never used                                                                                                                                                                                                            no-unused-vars
  Line 260:9:    'batchSoLuong' is assigned a value but never used                                                                                                                                                                                                             no-unused-vars
  Line 305:6:    React Hook useEffect has a missing dependency: 'fetchClasses'. Either include it or remove the dependency array                                                                                                                                               react-hooks/exhaustive-deps
  Line 579:13:   'tl' is assigned a value but never used                                                                                                                                                                                                                       no-unused-vars
  Line 590:15:   'currentLastHdStart' is assigned a value but never used                                                                                                                                                                                                       no-unused-vars
  Line 591:15:   'currentLastHdEnd' is assigned a value but never used                                                                                                                                                                                                         no-unused-vars
  Line 592:15:   'currentLastHdDuration' is assigned a value but never used                                                                                                                                                                                                    no-unused-vars
  Line 807:6:    React Hook useEffect has missing dependencies: 'batchNoticeData.ngayBatDau', 'batchStudentsData', 'handleBatchMonthChange', and 'isBatchNoticeOpen'. Either include them or remove the dependency array                                                       react-hooks/exhaustive-deps
  Line 1188:6:   React Hook useEffect has missing dependencies: 'config.r2_access_key_id', 'config.r2_bucket_name', 'config?.r2_enabled', 'config.r2_endpoint', 'config.r2_public_url', and 'config.r2_secret_access_key'. Either include them or remove the dependency array  react-hooks/exhaustive-deps
  Line 1345:13:  'latestHd' is assigned a value but never used                                                                                                                                                                                                                 no-unused-vars

src\components\ConfigManager.js
  Line 18:3:    'ExternalLink' is defined but never used                no-unused-vars
  Line 19:3:    'FileJson' is defined but never used                    no-unused-vars
  Line 20:3:    'RefreshCw' is defined but never used                   no-unused-vars
  Line 21:3:    'Key' is defined but never used                         no-unused-vars
  Line 23:3:    'LayoutDashboard' is defined but never used             no-unused-vars
  Line 24:3:    'MessageSquare' is defined but never used               no-unused-vars
  Line 25:3:    'BarChart3' is defined but never used                   no-unused-vars
  Line 26:3:    'Briefcase' is defined but never used                   no-unused-vars
  Line 27:3:    'Users' is defined but never used                       no-unused-vars
  Line 57:10:   'syncingSecrets' is assigned a value but never used     no-unused-vars
  Line 57:26:   'setSyncingSecrets' is assigned a value but never used  no-unused-vars
  Line 213:11:  'val' is assigned a value but never used                no-unused-vars

src\components\FinanceManager.js
  Line 6:32:    'Users' is defined but never used                      no-unused-vars
  Line 20:7:    'fCur' is assigned a value but never used              no-unused-vars
  Line 288:10:  'handlePrintLuong' is assigned a value but never used  no-unused-vars
  Line 754:13:  'sumBy' is assigned a value but never used             no-unused-vars

src\components\SalesPOS.js
  Line 35:20:   'setMessage' is assigned a value but never used  no-unused-vars
  Line 220:16:  'printObj' is assigned a value but never used    no-unused-vars

[39m[22m

webpack compiled with [1m[33m1 warning[39m[22m
Compiling...
Compiled with warnings.

[eslint] 
src\Login.js
  Line 285:7:  React Hook useEffect has a missing dependency: 'tryAutoParentReLogin'. Either include it or remove the dependency array                       react-hooks/exhaustive-deps
  Line 324:7:  React Hook useEffect has missing dependencies: 'preloadTeacherData' and 'tryAutoReLogin'. Either include them or remove the dependency array  react-hooks/exhaustive-deps

src\components\AttendanceManager.js
  Line 2:20:    'insertLog' is defined but never used      no-unused-vars
  Line 769:38:  'year' is assigned a value but never used  no-unused-vars

src\components\ClassManager.js
  Line 1:38:     'useRef' is defined but never used                                                                                                                                                                                                                            no-unused-vars
  Line 6:92:     'Clock' is defined but never used                                                                                                                                                                                                                             no-unused-vars
  Line 106:7:    'calculateThoiluong' is assigned a value but never used                                                                                                                                                                                                       no-unused-vars
  Line 256:9:    'batchStudentCount' is assigned a value but never used                                                                                                                                                                                                        no-unused-vars
  Line 257:9:    'batchNgayBatDau' is assigned a value but never used                                                                                                                                                                                                          no-unused-vars
  Line 258:9:    'batchNgayKetThuc' is assigned a value but never used                                                                                                                                                                                                         no-unused-vars
  Line 259:9:    'batchLoaiDong' is assigned a value but never used                                                                                                                                                                                                            no-unused-vars
  Line 260:9:    'batchSoLuong' is assigned a value but never used                                                                                                                                                                                                             no-unused-vars
  Line 305:6:    React Hook useEffect has a missing dependency: 'fetchClasses'. Either include it or remove the dependency array                                                                                                                                               react-hooks/exhaustive-deps
  Line 579:13:   'tl' is assigned a value but never used                                                                                                                                                                                                                       no-unused-vars
  Line 590:15:   'currentLastHdStart' is assigned a value but never used                                                                                                                                                                                                       no-unused-vars
  Line 591:15:   'currentLastHdEnd' is assigned a value but never used                                                                                                                                                                                                         no-unused-vars
  Line 592:15:   'currentLastHdDuration' is assigned a value but never used                                                                                                                                                                                                    no-unused-vars
  Line 807:6:    React Hook useEffect has missing dependencies: 'batchNoticeData.ngayBatDau', 'batchStudentsData', 'handleBatchMonthChange', and 'isBatchNoticeOpen'. Either include them or remove the dependency array                                                       react-hooks/exhaustive-deps
  Line 1188:6:   React Hook useEffect has missing dependencies: 'config.r2_access_key_id', 'config.r2_bucket_name', 'config?.r2_enabled', 'config.r2_endpoint', 'config.r2_public_url', and 'config.r2_secret_access_key'. Either include them or remove the dependency array  react-hooks/exhaustive-deps
  Line 1345:13:  'latestHd' is assigned a value but never used                                                                                                                                                                                                                 no-unused-vars

src\components\ConfigManager.js
  Line 18:3:    'ExternalLink' is defined but never used                no-unused-vars
  Line 19:3:    'FileJson' is defined but never used                    no-unused-vars
  Line 20:3:    'RefreshCw' is defined but never used                   no-unused-vars
  Line 21:3:    'Key' is defined but never used                         no-unused-vars
  Line 23:3:    'LayoutDashboard' is defined but never used             no-unused-vars
  Line 24:3:    'MessageSquare' is defined but never used               no-unused-vars
  Line 25:3:    'BarChart3' is defined but never used                   no-unused-vars
  Line 26:3:    'Briefcase' is defined but never used                   no-unused-vars
  Line 27:3:    'Users' is defined but never used                       no-unused-vars
  Line 57:10:   'syncingSecrets' is assigned a value but never used     no-unused-vars
  Line 57:26:   'setSyncingSecrets' is assigned a value but never used  no-unused-vars
  Line 213:11:  'val' is assigned a value but never used                no-unused-vars

src\components\FinanceManager.js
  Line 6:32:    'Users' is defined but never used                      no-unused-vars
  Line 20:7:    'fCur' is assigned a value but never used              no-unused-vars
  Line 288:10:  'handlePrintLuong' is assigned a value but never used  no-unused-vars
  Line 754:13:  'sumBy' is assigned a value but never used             no-unused-vars

src\components\InvoiceManager.js
  Line 225:7:    'buildStoredImageKey' is assigned a value but never used                                                                                                                                                                                                      no-unused-vars
  Line 533:7:    React Hook useEffect has missing dependencies: 'config.r2_access_key_id', 'config.r2_bucket_name', 'config?.r2_enabled', 'config.r2_endpoint', 'config.r2_public_url', and 'config.r2_secret_access_key'. Either include them or remove the dependency array  react-hooks/exhaustive-deps
  Line 670:45:   Unnecessary escape character: \/                                                                                                                                                                                                                              no-useless-escape
  Line 688:10:   'recentHD' is assigned a value but never used                                                                                                                                                                                                                 no-unused-vars
  Line 699:40:   Unnecessary escape character: \/                                                                                                                                                                                                                              no-useless-escape
  Line 1137:16:  'malop' is assigned a value but never used                                                                                                                                                                                                                    no-unused-vars
  Line 1515:7:   React Hook useEffect has a missing dependency: 'selectedStudent'. Either include it or remove the dependency array                                                                                                                                            react-hooks/exhaustive-deps

src\components\SalesPOS.js
  Line 35:20:   'setMessage' is assigned a value but never used  no-unused-vars
  Line 220:16:  'printObj' is assigned a value but never used    no-unused-vars

Search for the keywords to learn more about each warning.
To ignore, add // eslint-disable-next-line to the line before.

[1m[33mWARNING[39m[22m in [1m[eslint] 
src\Login.js
  Line 285:7:  React Hook useEffect has a missing dependency: 'tryAutoParentReLogin'. Either include it or remove the dependency array                       react-hooks/exhaustive-deps
  Line 324:7:  React Hook useEffect has missing dependencies: 'preloadTeacherData' and 'tryAutoReLogin'. Either include them or remove the dependency array  react-hooks/exhaustive-deps

src\components\AttendanceManager.js
  Line 2:20:    'insertLog' is defined but never used      no-unused-vars
  Line 769:38:  'year' is assigned a value but never used  no-unused-vars

src\components\ClassManager.js
  Line 1:38:     'useRef' is defined but never used                                                                                                                                                                                                                            no-unused-vars
  Line 6:92:     'Clock' is defined but never used                                                                                                                                                                                                                             no-unused-vars
  Line 106:7:    'calculateThoiluong' is assigned a value but never used                                                                                                                                                                                                       no-unused-vars
  Line 256:9:    'batchStudentCount' is assigned a value but never used                                                                                                                                                                                                        no-unused-vars
  Line 257:9:    'batchNgayBatDau' is assigned a value but never used                                                                                                                                                                                                          no-unused-vars
  Line 258:9:    'batchNgayKetThuc' is assigned a value but never used                                                                                                                                                                                                         no-unused-vars
  Line 259:9:    'batchLoaiDong' is assigned a value but never used                                                                                                                                                                                                            no-unused-vars
  Line 260:9:    'batchSoLuong' is assigned a value but never used                                                                                                                                                                                                             no-unused-vars
  Line 305:6:    React Hook useEffect has a missing dependency: 'fetchClasses'. Either include it or remove the dependency array                                                                                                                                               react-hooks/exhaustive-deps
  Line 579:13:   'tl' is assigned a value but never used                                                                                                                                                                                                                       no-unused-vars
  Line 590:15:   'currentLastHdStart' is assigned a value but never used                                                                                                                                                                                                       no-unused-vars
  Line 591:15:   'currentLastHdEnd' is assigned a value but never used                                                                                                                                                                                                         no-unused-vars
  Line 592:15:   'currentLastHdDuration' is assigned a value but never used                                                                                                                                                                                                    no-unused-vars
  Line 807:6:    React Hook useEffect has missing dependencies: 'batchNoticeData.ngayBatDau', 'batchStudentsData', 'handleBatchMonthChange', and 'isBatchNoticeOpen'. Either include them or remove the dependency array                                                       react-hooks/exhaustive-deps
  Line 1188:6:   React Hook useEffect has missing dependencies: 'config.r2_access_key_id', 'config.r2_bucket_name', 'config?.r2_enabled', 'config.r2_endpoint', 'config.r2_public_url', and 'config.r2_secret_access_key'. Either include them or remove the dependency array  react-hooks/exhaustive-deps
  Line 1345:13:  'latestHd' is assigned a value but never used                                                                                                                                                                                                                 no-unused-vars

src\components\ConfigManager.js
  Line 18:3:    'ExternalLink' is defined but never used                no-unused-vars
  Line 19:3:    'FileJson' is defined but never used                    no-unused-vars
  Line 20:3:    'RefreshCw' is defined but never used                   no-unused-vars
  Line 21:3:    'Key' is defined but never used                         no-unused-vars
  Line 23:3:    'LayoutDashboard' is defined but never used             no-unused-vars
  Line 24:3:    'MessageSquare' is defined but never used               no-unused-vars
  Line 25:3:    'BarChart3' is defined but never used                   no-unused-vars
  Line 26:3:    'Briefcase' is defined but never used                   no-unused-vars
  Line 27:3:    'Users' is defined but never used                       no-unused-vars
  Line 57:10:   'syncingSecrets' is assigned a value but never used     no-unused-vars
  Line 57:26:   'setSyncingSecrets' is assigned a value but never used  no-unused-vars
  Line 213:11:  'val' is assigned a value but never used                no-unused-vars

src\components\FinanceManager.js
  Line 6:32:    'Users' is defined but never used                      no-unused-vars
  Line 20:7:    'fCur' is assigned a value but never used              no-unused-vars
  Line 288:10:  'handlePrintLuong' is assigned a value but never used  no-unused-vars
  Line 754:13:  'sumBy' is assigned a value but never used             no-unused-vars

src\components\InvoiceManager.js
  Line 225:7:    'buildStoredImageKey' is assigned a value but never used                                                                                                                                                                                                      no-unused-vars
  Line 533:7:    React Hook useEffect has missing dependencies: 'config.r2_access_key_id', 'config.r2_bucket_name', 'config?.r2_enabled', 'config.r2_endpoint', 'config.r2_public_url', and 'config.r2_secret_access_key'. Either include them or remove the dependency array  react-hooks/exhaustive-deps
  Line 670:45:   Unnecessary escape character: \/                                                                                                                                                                                                                              no-useless-escape
  Line 688:10:   'recentHD' is assigned a value but never used                                                                                                                                                                                                                 no-unused-vars
  Line 699:40:   Unnecessary escape character: \/                                                                                                                                                                                                                              no-useless-escape
  Line 1137:16:  'malop' is assigned a value but never used                                                                                                                                                                                                                    no-unused-vars
  Line 1515:7:   React Hook useEffect has a missing dependency: 'selectedStudent'. Either include it or remove the dependency array                                                                                                                                            react-hooks/exhaustive-deps

src\components\SalesPOS.js
  Line 35:20:   'setMessage' is assigned a value but never used  no-unused-vars
  Line 220:16:  'printObj' is assigned a value but never used    no-unused-vars

[39m[22m

webpack compiled with [1m[33m1 warning[39m[22m
Compiling...
Compiled with warnings.

[eslint] 
src\Login.js
  Line 285:7:  React Hook useEffect has a missing dependency: 'tryAutoParentReLogin'. Either include it or remove the dependency array                       react-hooks/exhaustive-deps
  Line 324:7:  React Hook useEffect has missing dependencies: 'preloadTeacherData' and 'tryAutoReLogin'. Either include them or remove the dependency array  react-hooks/exhaustive-deps

src\components\AttendanceManager.js
  Line 2:20:    'insertLog' is defined but never used      no-unused-vars
  Line 769:38:  'year' is assigned a value but never used  no-unused-vars

src\components\ClassManager.js
  Line 1:38:     'useRef' is defined but never used                                                                                                                                                                                                                            no-unused-vars
  Line 6:92:     'Clock' is defined but never used                                                                                                                                                                                                                             no-unused-vars
  Line 106:7:    'calculateThoiluong' is assigned a value but never used                                                                                                                                                                                                       no-unused-vars
  Line 256:9:    'batchStudentCount' is assigned a value but never used                                                                                                                                                                                                        no-unused-vars
  Line 257:9:    'batchNgayBatDau' is assigned a value but never used                                                                                                                                                                                                          no-unused-vars
  Line 258:9:    'batchNgayKetThuc' is assigned a value but never used                                                                                                                                                                                                         no-unused-vars
  Line 259:9:    'batchLoaiDong' is assigned a value but never used                                                                                                                                                                                                            no-unused-vars
  Line 260:9:    'batchSoLuong' is assigned a value but never used                                                                                                                                                                                                             no-unused-vars
  Line 305:6:    React Hook useEffect has a missing dependency: 'fetchClasses'. Either include it or remove the dependency array                                                                                                                                               react-hooks/exhaustive-deps
  Line 579:13:   'tl' is assigned a value but never used                                                                                                                                                                                                                       no-unused-vars
  Line 590:15:   'currentLastHdStart' is assigned a value but never used                                                                                                                                                                                                       no-unused-vars
  Line 591:15:   'currentLastHdEnd' is assigned a value but never used                                                                                                                                                                                                         no-unused-vars
  Line 592:15:   'currentLastHdDuration' is assigned a value but never used                                                                                                                                                                                                    no-unused-vars
  Line 807:6:    React Hook useEffect has missing dependencies: 'batchNoticeData.ngayBatDau', 'batchStudentsData', 'handleBatchMonthChange', and 'isBatchNoticeOpen'. Either include them or remove the dependency array                                                       react-hooks/exhaustive-deps
  Line 1188:6:   React Hook useEffect has missing dependencies: 'config.r2_access_key_id', 'config.r2_bucket_name', 'config?.r2_enabled', 'config.r2_endpoint', 'config.r2_public_url', and 'config.r2_secret_access_key'. Either include them or remove the dependency array  react-hooks/exhaustive-deps
  Line 1345:13:  'latestHd' is assigned a value but never used                                                                                                                                                                                                                 no-unused-vars

src\components\ConfigManager.js
  Line 18:3:    'ExternalLink' is defined but never used                no-unused-vars
  Line 19:3:    'FileJson' is defined but never used                    no-unused-vars
  Line 20:3:    'RefreshCw' is defined but never used                   no-unused-vars
  Line 21:3:    'Key' is defined but never used                         no-unused-vars
  Line 23:3:    'LayoutDashboard' is defined but never used             no-unused-vars
  Line 24:3:    'MessageSquare' is defined but never used               no-unused-vars
  Line 25:3:    'BarChart3' is defined but never used                   no-unused-vars
  Line 26:3:    'Briefcase' is defined but never used                   no-unused-vars
  Line 27:3:    'Users' is defined but never used                       no-unused-vars
  Line 57:10:   'syncingSecrets' is assigned a value but never used     no-unused-vars
  Line 57:26:   'setSyncingSecrets' is assigned a value but never used  no-unused-vars
  Line 213:11:  'val' is assigned a value but never used                no-unused-vars

src\components\FinanceManager.js
  Line 6:32:    'Users' is defined but never used                      no-unused-vars
  Line 20:7:    'fCur' is assigned a value but never used              no-unused-vars
  Line 288:10:  'handlePrintLuong' is assigned a value but never used  no-unused-vars
  Line 754:13:  'sumBy' is assigned a value but never used             no-unused-vars

src\components\InvoiceManager.js
  Line 539:7:    React Hook useEffect has missing dependencies: 'config.r2_access_key_id', 'config.r2_bucket_name', 'config?.r2_enabled', 'config.r2_endpoint', 'config.r2_public_url', and 'config.r2_secret_access_key'. Either include them or remove the dependency array  react-hooks/exhaustive-deps
  Line 676:45:   Unnecessary escape character: \/                                                                                                                                                                                                                              no-useless-escape
  Line 694:10:   'recentHD' is assigned a value but never used                                                                                                                                                                                                                 no-unused-vars
  Line 705:40:   Unnecessary escape character: \/                                                                                                                                                                                                                              no-useless-escape
  Line 1143:16:  'malop' is assigned a value but never used                                                                                                                                                                                                                    no-unused-vars
  Line 1521:7:   React Hook useEffect has a missing dependency: 'selectedStudent'. Either include it or remove the dependency array                                                                                                                                            react-hooks/exhaustive-deps

src\components\SalesPOS.js
  Line 35:20:   'setMessage' is assigned a value but never used  no-unused-vars
  Line 220:16:  'printObj' is assigned a value but never used    no-unused-vars

Search for the keywords to learn more about each warning.
To ignore, add // eslint-disable-next-line to the line before.

[1m[33mWARNING[39m[22m in [1m[eslint] 
src\Login.js
  Line 285:7:  React Hook useEffect has a missing dependency: 'tryAutoParentReLogin'. Either include it or remove the dependency array                       react-hooks/exhaustive-deps
  Line 324:7:  React Hook useEffect has missing dependencies: 'preloadTeacherData' and 'tryAutoReLogin'. Either include them or remove the dependency array  react-hooks/exhaustive-deps

src\components\AttendanceManager.js
  Line 2:20:    'insertLog' is defined but never used      no-unused-vars
  Line 769:38:  'year' is assigned a value but never used  no-unused-vars

src\components\ClassManager.js
  Line 1:38:     'useRef' is defined but never used                                                                                                                                                                                                                            no-unused-vars
  Line 6:92:     'Clock' is defined but never used                                                                                                                                                                                                                             no-unused-vars
  Line 106:7:    'calculateThoiluong' is assigned a value but never used                                                                                                                                                                                                       no-unused-vars
  Line 256:9:    'batchStudentCount' is assigned a value but never used                                                                                                                                                                                                        no-unused-vars
  Line 257:9:    'batchNgayBatDau' is assigned a value but never used                                                                                                                                                                                                          no-unused-vars
  Line 258:9:    'batchNgayKetThuc' is assigned a value but never used                                                                                                                                                                                                         no-unused-vars
  Line 259:9:    'batchLoaiDong' is assigned a value but never used                                                                                                                                                                                                            no-unused-vars
  Line 260:9:    'batchSoLuong' is assigned a value but never used                                                                                                                                                                                                             no-unused-vars
  Line 305:6:    React Hook useEffect has a missing dependency: 'fetchClasses'. Either include it or remove the dependency array                                                                                                                                               react-hooks/exhaustive-deps
  Line 579:13:   'tl' is assigned a value but never used                                                                                                                                                                                                                       no-unused-vars
  Line 590:15:   'currentLastHdStart' is assigned a value but never used                                                                                                                                                                                                       no-unused-vars
  Line 591:15:   'currentLastHdEnd' is assigned a value but never used                                                                                                                                                                                                         no-unused-vars
  Line 592:15:   'currentLastHdDuration' is assigned a value but never used                                                                                                                                                                                                    no-unused-vars
  Line 807:6:    React Hook useEffect has missing dependencies: 'batchNoticeData.ngayBatDau', 'batchStudentsData', 'handleBatchMonthChange', and 'isBatchNoticeOpen'. Either include them or remove the dependency array                                                       react-hooks/exhaustive-deps
  Line 1188:6:   React Hook useEffect has missing dependencies: 'config.r2_access_key_id', 'config.r2_bucket_name', 'config?.r2_enabled', 'config.r2_endpoint', 'config.r2_public_url', and 'config.r2_secret_access_key'. Either include them or remove the dependency array  react-hooks/exhaustive-deps
  Line 1345:13:  'latestHd' is assigned a value but never used                                                                                                                                                                                                                 no-unused-vars

src\components\ConfigManager.js
  Line 18:3:    'ExternalLink' is defined but never used                no-unused-vars
  Line 19:3:    'FileJson' is defined but never used                    no-unused-vars
  Line 20:3:    'RefreshCw' is defined but never used                   no-unused-vars
  Line 21:3:    'Key' is defined but never used                         no-unused-vars
  Line 23:3:    'LayoutDashboard' is defined but never used             no-unused-vars
  Line 24:3:    'MessageSquare' is defined but never used               no-unused-vars
  Line 25:3:    'BarChart3' is defined but never used                   no-unused-vars
  Line 26:3:    'Briefcase' is defined but never used                   no-unused-vars
  Line 27:3:    'Users' is defined but never used                       no-unused-vars
  Line 57:10:   'syncingSecrets' is assigned a value but never used     no-unused-vars
  Line 57:26:   'setSyncingSecrets' is assigned a value but never used  no-unused-vars
  Line 213:11:  'val' is assigned a value but never used                no-unused-vars

src\components\FinanceManager.js
  Line 6:32:    'Users' is defined but never used                      no-unused-vars
  Line 20:7:    'fCur' is assigned a value but never used              no-unused-vars
  Line 288:10:  'handlePrintLuong' is assigned a value but never used  no-unused-vars
  Line 754:13:  'sumBy' is assigned a value but never used             no-unused-vars

src\components\InvoiceManager.js
  Line 539:7:    React Hook useEffect has missing dependencies: 'config.r2_access_key_id', 'config.r2_bucket_name', 'config?.r2_enabled', 'config.r2_endpoint', 'config.r2_public_url', and 'config.r2_secret_access_key'. Either include them or remove the dependency array  react-hooks/exhaustive-deps
  Line 676:45:   Unnecessary escape character: \/                                                                                                                                                                                                                              no-useless-escape
  Line 694:10:   'recentHD' is assigned a value but never used                                                                                                                                                                                                                 no-unused-vars
  Line 705:40:   Unnecessary escape character: \/                                                                                                                                                                                                                              no-useless-escape
  Line 1143:16:  'malop' is assigned a value but never used                                                                                                                                                                                                                    no-unused-vars
  Line 1521:7:   React Hook useEffect has a missing dependency: 'selectedStudent'. Either include it or remove the dependency array                                                                                                                                            react-hooks/exhaustive-deps

src\components\SalesPOS.js
  Line 35:20:   'setMessage' is assigned a value but never used  no-unused-vars
  Line 220:16:  'printObj' is assigned a value but never used    no-unused-vars

[39m[22m

webpack compiled with [1m[33m1 warning[39m[22m
Compiling...
Compiled with warnings.

[eslint] 
src\Login.js
  Line 285:7:  React Hook useEffect has a missing dependency: 'tryAutoParentReLogin'. Either include it or remove the dependency array                       react-hooks/exhaustive-deps
  Line 324:7:  React Hook useEffect has missing dependencies: 'preloadTeacherData' and 'tryAutoReLogin'. Either include them or remove the dependency array  react-hooks/exhaustive-deps

src\components\AttendanceManager.js
  Line 2:20:    'insertLog' is defined but never used      no-unused-vars
  Line 769:38:  'year' is assigned a value but never used  no-unused-vars

src\components\ClassManager.js
  Line 1:38:     'useRef' is defined but never used                                                                                                                                                                                                                            no-unused-vars
  Line 6:92:     'Clock' is defined but never used                                                                                                                                                                                                                             no-unused-vars
  Line 106:7:    'calculateThoiluong' is assigned a value but never used                                                                                                                                                                                                       no-unused-vars
  Line 256:9:    'batchStudentCount' is assigned a value but never used                                                                                                                                                                                                        no-unused-vars
  Line 257:9:    'batchNgayBatDau' is assigned a value but never used                                                                                                                                                                                                          no-unused-vars
  Line 258:9:    'batchNgayKetThuc' is assigned a value but never used                                                                                                                                                                                                         no-unused-vars
  Line 259:9:    'batchLoaiDong' is assigned a value but never used                                                                                                                                                                                                            no-unused-vars
  Line 260:9:    'batchSoLuong' is assigned a value but never used                                                                                                                                                                                                             no-unused-vars
  Line 305:6:    React Hook useEffect has a missing dependency: 'fetchClasses'. Either include it or remove the dependency array                                                                                                                                               react-hooks/exhaustive-deps
  Line 579:13:   'tl' is assigned a value but never used                                                                                                                                                                                                                       no-unused-vars
  Line 590:15:   'currentLastHdStart' is assigned a value but never used                                                                                                                                                                                                       no-unused-vars
  Line 591:15:   'currentLastHdEnd' is assigned a value but never used                                                                                                                                                                                                         no-unused-vars
  Line 592:15:   'currentLastHdDuration' is assigned a value but never used                                                                                                                                                                                                    no-unused-vars
  Line 807:6:    React Hook useEffect has missing dependencies: 'batchNoticeData.ngayBatDau', 'batchStudentsData', 'handleBatchMonthChange', and 'isBatchNoticeOpen'. Either include them or remove the dependency array                                                       react-hooks/exhaustive-deps
  Line 1188:6:   React Hook useEffect has missing dependencies: 'config.r2_access_key_id', 'config.r2_bucket_name', 'config?.r2_enabled', 'config.r2_endpoint', 'config.r2_public_url', and 'config.r2_secret_access_key'. Either include them or remove the dependency array  react-hooks/exhaustive-deps
  Line 1345:13:  'latestHd' is assigned a value but never used                                                                                                                                                                                                                 no-unused-vars

src\components\ConfigManager.js
  Line 18:3:    'ExternalLink' is defined but never used                no-unused-vars
  Line 19:3:    'FileJson' is defined but never used                    no-unused-vars
  Line 20:3:    'RefreshCw' is defined but never used                   no-unused-vars
  Line 21:3:    'Key' is defined but never used                         no-unused-vars
  Line 23:3:    'LayoutDashboard' is defined but never used             no-unused-vars
  Line 24:3:    'MessageSquare' is defined but never used               no-unused-vars
  Line 25:3:    'BarChart3' is defined but never used                   no-unused-vars
  Line 26:3:    'Briefcase' is defined but never used                   no-unused-vars
  Line 27:3:    'Users' is defined but never used                       no-unused-vars
  Line 57:10:   'syncingSecrets' is assigned a value but never used     no-unused-vars
  Line 57:26:   'setSyncingSecrets' is assigned a value but never used  no-unused-vars
  Line 213:11:  'val' is assigned a value but never used                no-unused-vars

src\components\FinanceManager.js
  Line 6:32:    'Users' is defined but never used                      no-unused-vars
  Line 20:7:    'fCur' is assigned a value but never used              no-unused-vars
  Line 288:10:  'handlePrintLuong' is assigned a value but never used  no-unused-vars
  Line 754:13:  'sumBy' is assigned a value but never used             no-unused-vars

src\components\InvoiceManager.js
  Line 545:7:    React Hook useEffect has missing dependencies: 'config.r2_access_key_id', 'config.r2_bucket_name', 'config?.r2_enabled', 'config.r2_endpoint', 'config.r2_public_url', and 'config.r2_secret_access_key'. Either include them or remove the dependency array  react-hooks/exhaustive-deps
  Line 682:45:   Unnecessary escape character: \/                                                                                                                                                                                                                              no-useless-escape
  Line 700:10:   'recentHD' is assigned a value but never used                                                                                                                                                                                                                 no-unused-vars
  Line 711:40:   Unnecessary escape character: \/                                                                                                                                                                                                                              no-useless-escape
  Line 1149:16:  'malop' is assigned a value but never used                                                                                                                                                                                                                    no-unused-vars
  Line 1527:7:   React Hook useEffect has a missing dependency: 'selectedStudent'. Either include it or remove the dependency array                                                                                                                                            react-hooks/exhaustive-deps

src\components\SalesPOS.js
  Line 35:20:   'setMessage' is assigned a value but never used  no-unused-vars
  Line 220:16:  'printObj' is assigned a value but never used    no-unused-vars

Search for the keywords to learn more about each warning.
To ignore, add // eslint-disable-next-line to the line before.

[1m[33mWARNING[39m[22m in [1m[eslint] 
src\Login.js
  Line 285:7:  React Hook useEffect has a missing dependency: 'tryAutoParentReLogin'. Either include it or remove the dependency array                       react-hooks/exhaustive-deps
  Line 324:7:  React Hook useEffect has missing dependencies: 'preloadTeacherData' and 'tryAutoReLogin'. Either include them or remove the dependency array  react-hooks/exhaustive-deps

src\components\AttendanceManager.js
  Line 2:20:    'insertLog' is defined but never used      no-unused-vars
  Line 769:38:  'year' is assigned a value but never used  no-unused-vars

src\components\ClassManager.js
  Line 1:38:     'useRef' is defined but never used                                                                                                                                                                                                                            no-unused-vars
  Line 6:92:     'Clock' is defined but never used                                                                                                                                                                                                                             no-unused-vars
  Line 106:7:    'calculateThoiluong' is assigned a value but never used                                                                                                                                                                                                       no-unused-vars
  Line 256:9:    'batchStudentCount' is assigned a value but never used                                                                                                                                                                                                        no-unused-vars
  Line 257:9:    'batchNgayBatDau' is assigned a value but never used                                                                                                                                                                                                          no-unused-vars
  Line 258:9:    'batchNgayKetThuc' is assigned a value but never used                                                                                                                                                                                                         no-unused-vars
  Line 259:9:    'batchLoaiDong' is assigned a value but never used                                                                                                                                                                                                            no-unused-vars
  Line 260:9:    'batchSoLuong' is assigned a value but never used                                                                                                                                                                                                             no-unused-vars
  Line 305:6:    React Hook useEffect has a missing dependency: 'fetchClasses'. Either include it or remove the dependency array                                                                                                                                               react-hooks/exhaustive-deps
  Line 579:13:   'tl' is assigned a value but never used                                                                                                                                                                                                                       no-unused-vars
  Line 590:15:   'currentLastHdStart' is assigned a value but never used                                                                                                                                                                                                       no-unused-vars
  Line 591:15:   'currentLastHdEnd' is assigned a value but never used                                                                                                                                                                                                         no-unused-vars
  Line 592:15:   'currentLastHdDuration' is assigned a value but never used                                                                                                                                                                                                    no-unused-vars
  Line 807:6:    React Hook useEffect has missing dependencies: 'batchNoticeData.ngayBatDau', 'batchStudentsData', 'handleBatchMonthChange', and 'isBatchNoticeOpen'. Either include them or remove the dependency array                                                       react-hooks/exhaustive-deps
  Line 1188:6:   React Hook useEffect has missing dependencies: 'config.r2_access_key_id', 'config.r2_bucket_name', 'config?.r2_enabled', 'config.r2_endpoint', 'config.r2_public_url', and 'config.r2_secret_access_key'. Either include them or remove the dependency array  react-hooks/exhaustive-deps
  Line 1345:13:  'latestHd' is assigned a value but never used                                                                                                                                                                                                                 no-unused-vars

src\components\ConfigManager.js
  Line 18:3:    'ExternalLink' is defined but never used                no-unused-vars
  Line 19:3:    'FileJson' is defined but never used                    no-unused-vars
  Line 20:3:    'RefreshCw' is defined but never used                   no-unused-vars
  Line 21:3:    'Key' is defined but never used                         no-unused-vars
  Line 23:3:    'LayoutDashboard' is defined but never used             no-unused-vars
  Line 24:3:    'MessageSquare' is defined but never used               no-unused-vars
  Line 25:3:    'BarChart3' is defined but never used                   no-unused-vars
  Line 26:3:    'Briefcase' is defined but never used                   no-unused-vars
  Line 27:3:    'Users' is defined but never used                       no-unused-vars
  Line 57:10:   'syncingSecrets' is assigned a value but never used     no-unused-vars
  Line 57:26:   'setSyncingSecrets' is assigned a value but never used  no-unused-vars
  Line 213:11:  'val' is assigned a value but never used                no-unused-vars

src\components\FinanceManager.js
  Line 6:32:    'Users' is defined but never used                      no-unused-vars
  Line 20:7:    'fCur' is assigned a value but never used              no-unused-vars
  Line 288:10:  'handlePrintLuong' is assigned a value but never used  no-unused-vars
  Line 754:13:  'sumBy' is assigned a value but never used             no-unused-vars

src\components\InvoiceManager.js
  Line 545:7:    React Hook useEffect has missing dependencies: 'config.r2_access_key_id', 'config.r2_bucket_name', 'config?.r2_enabled', 'config.r2_endpoint', 'config.r2_public_url', and 'config.r2_secret_access_key'. Either include them or remove the dependency array  react-hooks/exhaustive-deps
  Line 682:45:   Unnecessary escape character: \/                                                                                                                                                                                                                              no-useless-escape
  Line 700:10:   'recentHD' is assigned a value but never used                                                                                                                                                                                                                 no-unused-vars
  Line 711:40:   Unnecessary escape character: \/                                                                                                                                                                                                                              no-useless-escape
  Line 1149:16:  'malop' is assigned a value but never used                                                                                                                                                                                                                    no-unused-vars
  Line 1527:7:   React Hook useEffect has a missing dependency: 'selectedStudent'. Either include it or remove the dependency array                                                                                                                                            react-hooks/exhaustive-deps

src\components\SalesPOS.js
  Line 35:20:   'setMessage' is assigned a value but never used  no-unused-vars
  Line 220:16:  'printObj' is assigned a value but never used    no-unused-vars

[39m[22m

webpack compiled with [1m[33m1 warning[39m[22m
Compiling...
Compiled with warnings.

[eslint] 
src\Login.js
  Line 285:7:  React Hook useEffect has a missing dependency: 'tryAutoParentReLogin'. Either include it or remove the dependency array                       react-hooks/exhaustive-deps
  Line 324:7:  React Hook useEffect has missing dependencies: 'preloadTeacherData' and 'tryAutoReLogin'. Either include them or remove the dependency array  react-hooks/exhaustive-deps

src\components\AttendanceManager.js
  Line 2:20:    'insertLog' is defined but never used      no-unused-vars
  Line 769:38:  'year' is assigned a value but never used  no-unused-vars

src\components\ClassManager.js
  Line 1:38:     'useRef' is defined but never used                                                                                                                                                                                                                            no-unused-vars
  Line 6:92:     'Clock' is defined but never used                                                                                                                                                                                                                             no-unused-vars
  Line 106:7:    'calculateThoiluong' is assigned a value but never used                                                                                                                                                                                                       no-unused-vars
  Line 256:9:    'batchStudentCount' is assigned a value but never used                                                                                                                                                                                                        no-unused-vars
  Line 257:9:    'batchNgayBatDau' is assigned a value but never used                                                                                                                                                                                                          no-unused-vars
  Line 258:9:    'batchNgayKetThuc' is assigned a value but never used                                                                                                                                                                                                         no-unused-vars
  Line 259:9:    'batchLoaiDong' is assigned a value but never used                                                                                                                                                                                                            no-unused-vars
  Line 260:9:    'batchSoLuong' is assigned a value but never used                                                                                                                                                                                                             no-unused-vars
  Line 305:6:    React Hook useEffect has a missing dependency: 'fetchClasses'. Either include it or remove the dependency array                                                                                                                                               react-hooks/exhaustive-deps
  Line 579:13:   'tl' is assigned a value but never used                                                                                                                                                                                                                       no-unused-vars
  Line 590:15:   'currentLastHdStart' is assigned a value but never used                                                                                                                                                                                                       no-unused-vars
  Line 591:15:   'currentLastHdEnd' is assigned a value but never used                                                                                                                                                                                                         no-unused-vars
  Line 592:15:   'currentLastHdDuration' is assigned a value but never used                                                                                                                                                                                                    no-unused-vars
  Line 807:6:    React Hook useEffect has missing dependencies: 'batchNoticeData.ngayBatDau', 'batchStudentsData', 'handleBatchMonthChange', and 'isBatchNoticeOpen'. Either include them or remove the dependency array                                                       react-hooks/exhaustive-deps
  Line 1188:6:   React Hook useEffect has missing dependencies: 'config.r2_access_key_id', 'config.r2_bucket_name', 'config?.r2_enabled', 'config.r2_endpoint', 'config.r2_public_url', and 'config.r2_secret_access_key'. Either include them or remove the dependency array  react-hooks/exhaustive-deps
  Line 1345:13:  'latestHd' is assigned a value but never used                                                                                                                                                                                                                 no-unused-vars

src\components\ConfigManager.js
  Line 18:3:    'ExternalLink' is defined but never used                no-unused-vars
  Line 19:3:    'FileJson' is defined but never used                    no-unused-vars
  Line 20:3:    'RefreshCw' is defined but never used                   no-unused-vars
  Line 21:3:    'Key' is defined but never used                         no-unused-vars
  Line 23:3:    'LayoutDashboard' is defined but never used             no-unused-vars
  Line 24:3:    'MessageSquare' is defined but never used               no-unused-vars
  Line 25:3:    'BarChart3' is defined but never used                   no-unused-vars
  Line 26:3:    'Briefcase' is defined but never used                   no-unused-vars
  Line 27:3:    'Users' is defined but never used                       no-unused-vars
  Line 57:10:   'syncingSecrets' is assigned a value but never used     no-unused-vars
  Line 57:26:   'setSyncingSecrets' is assigned a value but never used  no-unused-vars
  Line 213:11:  'val' is assigned a value but never used                no-unused-vars

src\components\FinanceManager.js
  Line 6:32:    'Users' is defined but never used                      no-unused-vars
  Line 20:7:    'fCur' is assigned a value but never used              no-unused-vars
  Line 288:10:  'handlePrintLuong' is assigned a value but never used  no-unused-vars
  Line 754:13:  'sumBy' is assigned a value but never used             no-unused-vars

src\components\InvoiceManager.js
  Line 545:7:    React Hook useEffect has missing dependencies: 'config.r2_access_key_id', 'config.r2_bucket_name', 'config?.r2_enabled', 'config.r2_endpoint', 'config.r2_public_url', and 'config.r2_secret_access_key'. Either include them or remove the dependency array  react-hooks/exhaustive-deps
  Line 682:45:   Unnecessary escape character: \/                                                                                                                                                                                                                              no-useless-escape
  Line 700:10:   'recentHD' is assigned a value but never used                                                                                                                                                                                                                 no-unused-vars
  Line 711:40:   Unnecessary escape character: \/                                                                                                                                                                                                                              no-useless-escape
  Line 1149:16:  'malop' is assigned a value but never used                                                                                                                                                                                                                    no-unused-vars
  Line 1527:7:   React Hook useEffect has a missing dependency: 'selectedStudent'. Either include it or remove the dependency array                                                                                                                                            react-hooks/exhaustive-deps

src\components\ParentPortal.js
  Line 1:1:      Unexpected Unicode BOM (Byte Order Mark)                                                                                                                                                                                                                                                                                                                                                                                             unicode-bom
  Line 12:10:    'Search' is defined but never used                                                                                                                                                                                                                                                                                                                                                                                                   no-unused-vars
  Line 12:202:   'MoreVertical' is defined but never used                                                                                                                                                                                                                                                                                                                                                                                             no-unused-vars
  Line 12:229:   'Settings' is defined but never used                                                                                                                                                                                                                                                                                                                                                                                                 no-unused-vars
  Line 12:247:   'Newspaper' is defined but never used                                                                                                                                                                                                                                                                                                                                                                                                no-unused-vars
  Line 101:11:   'chatDocuments' is assigned a value but never used                                                                                                                                                                                                                                                                                                                                                                                   no-unused-vars
  Line 358:62:   Unnecessary escape character: \-                                                                                                                                                                                                                                                                                                                                                                                                     no-useless-escape
  Line 752:10:   'getQRUrl' is assigned a value but never used                                                                                                                                                                                                                                                                                                                                                                                        no-unused-vars
  Line 1481:13:  'latestGenNotice' is assigned a value but never used                                                                                                                                                                                                                                                                                                                                                                                 no-unused-vars
  Line 1559:7:   React Hook useEffect has a missing dependency: 'parentData'. Either include it or remove the dependency array                                                                                                                                                                                                                                                                                                                        react-hooks/exhaustive-deps
  Line 1695:7:   React Hook useEffect has missing dependencies: 'fetchChatMessages', 'fetchHealthHistory', 'fetchNgoaiKhoaAnnouncements', 'fetchNgoaiKhoaRegistration', 'fetchParentNotices', 'fetchUnreads', 'parentData', 'refreshLatestFeeData', and 'setParentData'. Either include them or remove the dependency array. If 'setParentData' changes too often, find the parent component that defines it and wrap that definition in useCallback  react-hooks/exhaustive-deps
  Line 1764:7:   React Hook useEffect has missing dependencies: 'fetchClassAnnouncementsByTitle', 'fetchUnreads', and 'parentData'. Either include them or remove the dependency array                                                                                                                                                                                                                                                                react-hooks/exhaustive-deps

src\components\SalesPOS.js
  Line 35:20:   'setMessage' is assigned a value but never used  no-unused-vars
  Line 220:16:  'printObj' is assigned a value but never used    no-unused-vars

Search for the keywords to learn more about each warning.
To ignore, add // eslint-disable-next-line to the line before.

[1m[33mWARNING[39m[22m in [1m[eslint] 
src\Login.js
  Line 285:7:  React Hook useEffect has a missing dependency: 'tryAutoParentReLogin'. Either include it or remove the dependency array                       react-hooks/exhaustive-deps
  Line 324:7:  React Hook useEffect has missing dependencies: 'preloadTeacherData' and 'tryAutoReLogin'. Either include them or remove the dependency array  react-hooks/exhaustive-deps

src\components\AttendanceManager.js
  Line 2:20:    'insertLog' is defined but never used      no-unused-vars
  Line 769:38:  'year' is assigned a value but never used  no-unused-vars

src\components\ClassManager.js
  Line 1:38:     'useRef' is defined but never used                                                                                                                                                                                                                            no-unused-vars
  Line 6:92:     'Clock' is defined but never used                                                                                                                                                                                                                             no-unused-vars
  Line 106:7:    'calculateThoiluong' is assigned a value but never used                                                                                                                                                                                                       no-unused-vars
  Line 256:9:    'batchStudentCount' is assigned a value but never used                                                                                                                                                                                                        no-unused-vars
  Line 257:9:    'batchNgayBatDau' is assigned a value but never used                                                                                                                                                                                                          no-unused-vars
  Line 258:9:    'batchNgayKetThuc' is assigned a value but never used                                                                                                                                                                                                         no-unused-vars
  Line 259:9:    'batchLoaiDong' is assigned a value but never used                                                                                                                                                                                                            no-unused-vars
  Line 260:9:    'batchSoLuong' is assigned a value but never used                                                                                                                                                                                                             no-unused-vars
  Line 305:6:    React Hook useEffect has a missing dependency: 'fetchClasses'. Either include it or remove the dependency array                                                                                                                                               react-hooks/exhaustive-deps
  Line 579:13:   'tl' is assigned a value but never used                                                                                                                                                                                                                       no-unused-vars
  Line 590:15:   'currentLastHdStart' is assigned a value but never used                                                                                                                                                                                                       no-unused-vars
  Line 591:15:   'currentLastHdEnd' is assigned a value but never used                                                                                                                                                                                                         no-unused-vars
  Line 592:15:   'currentLastHdDuration' is assigned a value but never used                                                                                                                                                                                                    no-unused-vars
  Line 807:6:    React Hook useEffect has missing dependencies: 'batchNoticeData.ngayBatDau', 'batchStudentsData', 'handleBatchMonthChange', and 'isBatchNoticeOpen'. Either include them or remove the dependency array                                                       react-hooks/exhaustive-deps
  Line 1188:6:   React Hook useEffect has missing dependencies: 'config.r2_access_key_id', 'config.r2_bucket_name', 'config?.r2_enabled', 'config.r2_endpoint', 'config.r2_public_url', and 'config.r2_secret_access_key'. Either include them or remove the dependency array  react-hooks/exhaustive-deps
  Line 1345:13:  'latestHd' is assigned a value but never used                                                                                                                                                                                                                 no-unused-vars

src\components\ConfigManager.js
  Line 18:3:    'ExternalLink' is defined but never used                no-unused-vars
  Line 19:3:    'FileJson' is defined but never used                    no-unused-vars
  Line 20:3:    'RefreshCw' is defined but never used                   no-unused-vars
  Line 21:3:    'Key' is defined but never used                         no-unused-vars
  Line 23:3:    'LayoutDashboard' is defined but never used             no-unused-vars
  Line 24:3:    'MessageSquare' is defined but never used               no-unused-vars
  Line 25:3:    'BarChart3' is defined but never used                   no-unused-vars
  Line 26:3:    'Briefcase' is defined but never used                   no-unused-vars
  Line 27:3:    'Users' is defined but never used                       no-unused-vars
  Line 57:10:   'syncingSecrets' is assigned a value but never used     no-unused-vars
  Line 57:26:   'setSyncingSecrets' is assigned a value but never used  no-unused-vars
  Line 213:11:  'val' is assigned a value but never used                no-unused-vars

src\components\FinanceManager.js
  Line 6:32:    'Users' is defined but never used                      no-unused-vars
  Line 20:7:    'fCur' is assigned a value but never used              no-unused-vars
  Line 288:10:  'handlePrintLuong' is assigned a value but never used  no-unused-vars
  Line 754:13:  'sumBy' is assigned a value but never used             no-unused-vars

src\components\InvoiceManager.js
  Line 545:7:    React Hook useEffect has missing dependencies: 'config.r2_access_key_id', 'config.r2_bucket_name', 'config?.r2_enabled', 'config.r2_endpoint', 'config.r2_public_url', and 'config.r2_secret_access_key'. Either include them or remove the dependency array  react-hooks/exhaustive-deps
  Line 682:45:   Unnecessary escape character: \/                                                                                                                                                                                                                              no-useless-escape
  Line 700:10:   'recentHD' is assigned a value but never used                                                                                                                                                                                                                 no-unused-vars
  Line 711:40:   Unnecessary escape character: \/                                                                                                                                                                                                                              no-useless-escape
  Line 1149:16:  'malop' is assigned a value but never used                                                                                                                                                                                                                    no-unused-vars
  Line 1527:7:   React Hook useEffect has a missing dependency: 'selectedStudent'. Either include it or remove the dependency array                                                                                                                                            react-hooks/exhaustive-deps

src\components\ParentPortal.js
  Line 1:1:      [1m[31mUnexpected[39m[22m[1m Unicode BOM (Byte Order Mark)                                                                                                                                                                                                                                                                                                                                                                                             unicode-bom
  Line 12:10:    'Search' is defined but never used                                                                                                                                                                                                                                                                                                                                                                                                   no-unused-vars
  Line 12:202:   'MoreVertical' is defined but never used                                                                                                                                                                                                                                                                                                                                                                                             no-unused-vars
  Line 12:229:   'Settings' is defined but never used                                                                                                                                                                                                                                                                                                                                                                                                 no-unused-vars
  Line 12:247:   'Newspaper' is defined but never used                                                                                                                                                                                                                                                                                                                                                                                                no-unused-vars
  Line 101:11:   'chatDocuments' is assigned a value but never used                                                                                                                                                                                                                                                                                                                                                                                   no-unused-vars
  Line 358:62:   Unnecessary escape character: \-                                                                                                                                                                                                                                                                                                                                                                                                     no-useless-escape
  Line 752:10:   'getQRUrl' is assigned a value but never used                                                                                                                                                                                                                                                                                                                                                                                        no-unused-vars
  Line 1481:13:  'latestGenNotice' is assigned a value but never used                                                                                                                                                                                                                                                                                                                                                                                 no-unused-vars
  Line 1559:7:   React Hook useEffect has a missing dependency: 'parentData'. Either include it or remove the dependency array                                                                                                                                                                                                                                                                                                                        react-hooks/exhaustive-deps
  Line 1695:7:   React Hook useEffect has missing dependencies: 'fetchChatMessages', 'fetchHealthHistory', 'fetchNgoaiKhoaAnnouncements', 'fetchNgoaiKhoaRegistration', 'fetchParentNotices', 'fetchUnreads', 'parentData', 'refreshLatestFeeData', and 'setParentData'. Either include them or remove the dependency array. If 'setParentData' changes too often, find the parent component that defines it and wrap that definition in useCallback  react-hooks/exhaustive-deps
  Line 1764:7:   React Hook useEffect has missing dependencies: 'fetchClassAnnouncementsByTitle', 'fetchUnreads', and 'parentData'. Either include them or remove the dependency array                                                                                                                                                                                                                                                                react-hooks/exhaustive-deps

src\components\SalesPOS.js
  Line 35:20:   'setMessage' is assigned a value but never used  no-unused-vars
  Line 220:16:  'printObj' is assigned a value but never used    no-unused-vars

[39m[22m

webpack compiled with [1m[33m1 warning[39m[22m
